card_name,issuer_name,card_type,card_url,reward_type,grocery_rewards_rate,dining_rewards_rate,fuel_rewards_rate,travel_rewards_rate,general_rewards_rate,rewards_redemption_options,annual_fee,joining_fee,foreign_transaction_fee,cash_advance_fee,late_payment_fee,other_benefits,credit_limit_range,introductory_offers,issuer_reputability,customer_service_quality,application_process_ease,other_details,recommended_customer_category
SBI Card UNO,SBI Card,Low-Fee Credit Card,https://www.sbicard.com/cards/sbi-card-uno,Cashback,1%,1%,0.5%,N/A,1%,"""Cashback"","""Statement Credit""",₹0 - Lifetime Free,Nil,N/A,N/A,₹500,"""Fraud Protection"","""Purchase Protection""",₹20,000 - ₹1 Lakh,Welcome Bonus of ₹500 cashback,Very High,Excellent,Easy Online Application,No hidden charges,Everyday Cashback Users
HDFC MoneyBack Credit Card,HDFC Bank,Low-Fee Credit Card,https://www.hdfcbank.com/personal/credit-cards/moneyback,Cashback,1%,1%,0.5%,N/A,1%,"""Cashback"","""Statement Credit""",₹0 - Lifetime Free,Nil,N/A,N/A,₹500,"""Fraud Protection"","""Purchase Protection""",₹25,000 - ₹1 Lakh,Welcome Bonus of ₹500 cashback,Very High,Excellent,Easy Online Application,No hidden charges,Low-Fee Card Seekers
ICICI Platinum Chip Card - Visa,ICICI Bank,Low-Fee Credit Card,https://www.icicibank.com/credit-cards/platinum-chip, Cashback,1%,1%,0.5%,N/A,1%,"""Cashback"","""Statement Credit""",₹0 - Lifetime Free,Nil,N/A,N/A,₹500,"""Fraud Protection"","""Purchase Protection""",₹20,000 - ₹1 Lakh,Welcome Bonus of ₹500 cashback,Very High,Excellent,Easy Online Application,No hidden charges,Everyday Cashback Users
Axis Insta Easy Credit Card,Axis Bank,Low-Fee Credit Card,https://www.axisbank.com/credit-cards/instaeasy,Cashback,1%,1%,0.5%,N/A,1%,"""Cashback"","""Statement Credit""",₹249,Nil,N/A,N/A,₹500,"""Fraud Protection"","""Purchase Protection""",₹20,000 - ₹1 Lakh,Instant approval offer,Very High,Excellent,Easy Online Application,No hidden charges,Low-Fee Card Seekers
Kotak 811 Credit Card,Kotak Mahindra Bank,Low-Fee Credit Card,https://www.kotak.com/811-credit-card,Cashback,1%,1%,0.5%,N/A,1%,"""Cashback"","""Statement Credit""",₹0 - Lifetime Free,Nil,N/A,N/A,₹500,"""Fraud Protection"","""Purchase Protection""",₹20,000 - ₹1 Lakh,Welcome bonus of ₹500 cashback,Very High,Excellent,Easy Online Application,No hidden charges,Everyday Cashback Users
SBI Card Select,SBI Card,Low-Fee Credit Card,https://www.sbicard.com/cards/sbi-card-select,Cashback,1%,1%,0.5%,N/A,1%,"""Cashback"","""Statement Credit""",₹249,Nil,N/A,N/A,₹500,"""Fraud Protection"","""Purchase Protection""",₹25,000 - ₹1 Lakh,Welcome bonus of ₹500 cashback,Very High,Excellent,Easy Online Application,Transparent fee structure,Low-Fee Card Seekers
HDFC Freedom Credit Card,HDFC Bank,Low-Fee Credit Card,https://www.hdfcbank.com/personal/credit-cards/freedom,Cashback,1%,1%,0.5%,N/A,1%,"""Cashback"","""Statement Credit""",₹249,Nil,N/A,N/A,₹500,"""Fraud Protection"","""Purchase Protection""",₹25,000 - ₹1 Lakh,Welcome bonus of ₹500 cashback,Very High,Excellent,Easy Online Application,Transparent fee structure,Everyday Cashback Users
ICICI Coral Credit Card,ICICI Bank,Low-Fee Credit Card,https://www.icicibank.com/credit-cards/coral,Cashback,1%,1%,0.5%,N/A,1%,"""Cashback"","""Statement Credit""",₹249,Nil,N/A,N/A,₹500,"""Fraud Protection"","""Purchase Protection""",₹20,000 - ₹1 Lakh,Introductory cashback offer,Very High,Excellent,Easy Online Application,No hidden charges,Low-Fee Card Seekers
Standard Chartered Manhattan Platinum Credit Card,Standard Chartered,Low-Fee Credit Card,https://www.sc.com/in/cards/manhattan-platinum,Cashback,1%,1%,0.5%,N/A,1%,"""Cashback"","""Statement Credit""",₹299,Nil,3.5%,N/A,₹500,"""Purchase Protection"","""Fraud Protection""",₹25,000 - ₹1 Lakh,Welcome bonus cashback,Very High,Excellent,Easy Online Application,Simple rewards,Everyday Cashback Users
RBL Crimson Credit Card,RBL Bank,Low-Fee Credit Card,https://www.rblbank.com/credit-cards/crimson,Cashback,1%,1%,0.5%,N/A,1%,"""Cashback"","""Statement Credit""",₹249,Nil,N/A,N/A,₹500,"""Fraud Protection""","""Purchase Protection""",₹20,000 - ₹1 Lakh,Introductory cashback offer,High,Good,Easy Online Application,Transparent charges,Low-Fee Card Seekers
Yes Prosperity Card,Yes Bank,Low-Fee Credit Card,https://www.yesbank.in/credit-cards/prosperity,Cashback,1%,1%,0.5%,N/A,1%,"""Cashback"","""Statement Credit""",₹0 - Lifetime Free,Nil,N/A,N/A,₹500,"""Fraud Protection"","""Purchase Protection""",₹20,000 - ₹1 Lakh,Welcome bonus of ₹500,Moderate to High,Excellent,Easy Online Application,Simple and clear fees,Everyday Cashback Users
IndusInd Platinum Aura Credit Card,IndusInd Bank,Low-Fee Credit Card,https://www.indusind.com/credit-cards/platinum-aura,Cashback,1%,1%,0.5%,N/A,1%,"""Cashback"","""Statement Credit""",₹299,Nil,N/A,N/A,₹500,"""Fraud Protection"","""Purchase Protection""",₹25,000 - ₹1 Lakh,Introductory cashback offer,High,Excellent,Easy Online Application,Transparent fees,Low-Fee Card Seekers
SBI Card SimplyCLICK,SBI Card,Low-Fee Credit Card,https://www.sbicard.com/cards/simplyclick,Cashback,1%,1%,0.5%,N/A,1%,"""Cashback"","""Statement Credit""",₹0 - Lifetime Free,Nil,N/A,N/A,₹500,"""Fraud Protection""","""Purchase Protection""",₹20,000 - ₹1 Lakh,Welcome bonus cashback,Very High,Excellent,Easy Online Application,Everyday Cashback Users
HDFC MoneyBack Platinum Credit Card,HDFC Bank,Low-Fee Credit Card,https://www.hdfcbank.com/personal/credit-cards/moneyback-platinum,Cashback,1%,1%,0.5%,N/A,1%,"""Cashback"","""Statement Credit""",₹249,Nil,N/A,N/A,₹500,"""Fraud Protection""","""Purchase Protection""",₹25,000 - ₹1 Lakh,Welcome bonus offer,Very High,Excellent,Easy Online Application,Low-Fee Card Seekers
ICICI Platinum Chip Card – Visa Classic,ICICI Bank,Low-Fee Credit Card,https://www.icicibank.com/credit-cards/platinum-classic,Cashback,1%,1%,0.5%,N/A,1%,"""Cashback"","""Statement Credit""",₹0 - Lifetime Free,Nil,N/A,N/A,₹500,"""Fraud Protection""","""Purchase Protection""",₹20,000 - ₹1 Lakh,Welcome bonus offer,Very High,Excellent,Easy Online Application,Everyday Cashback Users
Axis Ace Credit Card,Axis Bank,Low-Fee Credit Card,https://www.axisbank.com/credit-cards/ace,Cashback,1%,1%,0.5%,N/A,1%,"""Cashback"","""Statement Credit""",₹249,Nil,3.5%,N/A,₹500,"""Fraud Protection""","""Purchase Protection""",₹20,000 - ₹1 Lakh,Welcome bonus cashback,Very High,Excellent,Easy Online Application,Low-Fee Card Seekers
Kotak Essentia Platinum Credit Card,Kotak Mahindra Bank,Low-Fee Credit Card,https://www.kotak.com/credit-cards/essentia-platinum,Cashback,1%,1%,0.5%,N/A,1%,"""Cashback"","""Statement Credit""",₹0 - Lifetime Free,Nil,N/A,N/A,₹500,"""Fraud Protection""","""Purchase Protection""",₹20,000 - ₹1 Lakh,Introductory cashback offer,Very High,Excellent,Easy Online Application,Everyday Cashback Users
Standard Chartered Super Value Platinum Card,Standard Chartered,Low-Fee Credit Card,https://www.sc.com/in/cards/super-value-platinum,Cashback,1%,1%,0.5%,N/A,1%,"""Cashback"","""Statement Credit""",₹299,Nil,3.5%,N/A,₹500,"""Purchase Protection""",₹25,000 - ₹1 Lakh,Welcome offer,Very High,Excellent,Easy Online Application,Low-Fee Card Seekers
RBL SimplyCash Credit Card,RBL Bank,Low-Fee Credit Card,https://www.rblbank.com/credit-cards/simplycash,Cashback,1%,1%,0.5%,N/A,1%,"""Cashback"","""Statement Credit""",₹249,Nil,N/A,N/A,₹500,"""Fraud Protection""","""Purchase Protection""",₹20,000 - ₹1 Lakh,Introductory cashback offer,High,Good,Easy Online Application,Everyday Cashback Users
IndusInd Classic Credit Card,IndusInd Bank,Low-Fee Credit Card,https://www.indusind.com/credit-cards/classic,Cashback,1%,1%,0.5%,N/A,1%,"""Cashback"","""Statement Credit""",₹299,Nil,N/A,N/A,₹500,"""Fraud Protection""",₹25,000 - ₹1 Lakh,Welcome bonus offer,High,Excellent,Easy Online Application,Low-Fee Card Seekers
SBI Card Unnati,SBI Card,Low-Fee Credit Card,https://www.sbicard.com/cards/unnati,Cashback,1%,1%,0.5%,N/A,1%,"""Cashback"","""Statement Credit""",₹0 - Lifetime Free,Nil,N/A,N/A,₹500,"""Fraud Protection""","""Purchase Protection""",₹20,000 - ₹1 Lakh,Welcome offer,Very High,Excellent,Easy Online Application,Everyday Cashback Users
HDFC Bank Easy EMI Credit Card,HDFC Bank,Low-Fee Credit Card,https://www.hdfcbank.com/personal/credit-cards/easy-emi,Cashback,1%,1%,0.5%,N/A,1%,"""Cashback"","""Statement Credit""",₹249,Nil,N/A,N/A,₹500,"""Fraud Protection""",₹25,000 - ₹1 Lakh,Introductory EMI offer,Very High,Excellent,Easy Online Application,Low-Fee Card Seekers
ICICI Bank Platinum Credit Card,ICICI Bank,Low-Fee Credit Card,https://www.icicibank.com/credit-cards/platinum,Cashback,1%,1%,0.5%,N/A,1%,"""Cashback"","""Statement Credit""",₹0 - Lifetime Free,Nil,N/A,N/A,₹500,"""Fraud Protection""",₹20,000 - ₹1 Lakh,Welcome offer,Very High,Excellent,Easy Online Application,Everyday Cashback Users
Axis Bank InstaEasy Credit Card,Axis Bank,Low-Fee Credit Card,https://www.axisbank.com/credit-cards/instaeasy,Cashback,1%,1%,0.5%,N/A,1%,"""Cashback"","""Statement Credit""",₹249,Nil,3.5%,N/A,₹500,"""Fraud Protection""","""Purchase Protection""",₹20,000 - ₹1 Lakh,Instant approval offer,Very High,Excellent,Easy Online Application,Low-Fee Card Seekers
Kotak 811 Classic Credit Card,Kotak Mahindra Bank,Low-Fee Credit Card,https://www.kotak.com/credit-cards/811-classic,Cashback,1%,1%,0.5%,N/A,1%,"""Cashback"","""Statement Credit""",₹0 - Lifetime Free,Nil,N/A,N/A,₹500,"""Fraud Protection""","""Purchase Protection""",₹20,000 - ₹1 Lakh,Welcome bonus offer,Very High,Excellent,Easy Online Application,Everyday Cashback Users
Standard Chartered Platinum Cashback Card,Standard Chartered,Low-Fee Credit Card,https://www.sc.com/in/cards/platinum-cashback,Cashback,1%,1%,0.5%,N/A,1%,"""Cashback"","""Statement Credit""",₹299,Nil,3.5%,N/A,₹500,"""Purchase Protection""",₹25,000 - ₹1 Lakh,Welcome bonus offer,Very High,Excellent,Easy Online Application,Low-Fee Card Seekers
Axis Bank Ace Credit Card,Axis Bank,Low-Fee Credit Card,https://www.axisbank.com/credit-cards/ace,Cashback,1%,1%,0.5%,N/A,1%,"""Cashback"","""Statement Credit""",₹249,Nil,3.5%,N/A,₹500,"""Purchase Protection""",₹20,000 - ₹1 Lakh,Welcome bonus offer,Very High,Excellent,Easy Online Application,Everyday Cashback Users
Yes Bank Smart Credit Card,Yes Bank,Low-Fee Credit Card,https://www.yesbank.in/credit-cards/smart,Cashback,1%,1%,0.5%,N/A,1%,"""Cashback"","""Statement Credit""",₹249,Nil,3.5%,N/A,₹500,"""Fraud Protection""",₹20,000 - ₹1 Lakh,Welcome bonus offer,Moderate to High,Excellent,Easy Online Application,Low-Fee Card Seekers
RBL Bank Zero Annual Fee Credit Card,RBL Bank,Low-Fee Credit Card,https://www.rblbank.com/credit-cards/zeroannual,Cashback,1%,1%,0.5%,N/A,1%,"""Cashback"","""Statement Credit""",₹0 - Lifetime Free,Nil,N/A,N/A,₹500,"""Fraud Protection""",₹20,000 - ₹1 Lakh,Welcome bonus offer,High,Good,Easy Online Application,Everyday Cashback Users
Kotak PVR Credit Card,Kotak Mahindra Bank,Low-Fee Credit Card,https://www.kotak.com/credit-cards/pvr,Cashback,1%,1%,0.5%,N/A,1%,"""Cashback"","""Statement Credit""",₹299,Nil,N/A,N/A,₹500,"""Movie Ticket Discounts""",₹25,000 - ₹1 Lakh,Welcome offer,Very High,Excellent,Easy Online Application,Low-Fee Card Seekers
IndusInd Bank Rewards Card,IndusInd Bank,Low-Fee Credit Card,https://www.indusind.com/credit-cards/rewards,Cashback,1%,1%,0.5%,N/A,1%,"""Cashback"","""Gift Vouchers""",₹299,Nil,N/A,N/A,₹500,"""Purchase Protection""",₹25,000 - ₹1 Lakh,Welcome offer,High,Excellent,Easy Online Application,Everyday Cashback Users
SBI Card Unnati,SBI Card,Low-Fee Credit Card,https://www.sbicard.com/cards/unnati,Cashback,1%,1%,0.5%,N/A,1%,"""Cashback"","""Statement Credit""",₹0 - Lifetime Free,Nil,N/A,N/A,₹500,"""Fraud Protection""",₹20,000 - ₹1 Lakh,Welcome bonus offer,Very High,Excellent,Easy Online Application,Low-Fee Card Seekers
HDFC Bank Millennia Credit Card,HDFC Bank,Low-Fee Credit Card,https://www.hdfcbank.com/personal/credit-cards/millennia,Cashback,1%,1%,0.5%,N/A,1%,"""Cashback"","""Statement Credit""",₹249,Nil,N/A,N/A,₹500,"""Fraud Protection""",₹25,000 - ₹1 Lakh,Introductory offer,Very High,Excellent,Easy Online Application,Everyday Cashback Users
ICICI Digital Credit Card,ICICI Bank,Low-Fee Credit Card,https://www.icicibank.com/credit-cards/digital,Cashback,1%,1%,0.5%,N/A,1%,"""Cashback"","""Statement Credit""",₹249,Nil,N/A,N/A,₹500,"""Fraud Protection""",₹20,000 - ₹1 Lakh,Welcome offer,Very High,Excellent,Easy Online Application,Low-Fee Card Seekers
Standard Chartered Easy Credit Card,Standard Chartered,Low-Fee Credit Card,https://www.sc.com/in/cards/easy,Cashback,1%,1%,0.5%,N/A,1%,"""Cashback"","""Statement Credit""",₹299,Nil,3.5%,N/A,₹500,"""Purchase Protection""",₹25,000 - ₹1 Lakh,Welcome offer,Very High,Excellent,Easy Online Application,Everyday Cashback Users
Axis Bank Insta Easy Plus Credit Card,Axis Bank,Low-Fee Credit Card,https://www.axisbank.com/credit-cards/instaeasy-plus,Cashback,1%,1%,0.5%,N/A,1%,"""Cashback"","""Statement Credit""",₹249,Nil,3.5%,N/A,₹500,"""Purchase Protection""",₹20,000 - ₹1 Lakh,Instant approval offer,Very High,Excellent,Easy Online Application,Low-Fee Card Seekers
Yes Bank Prosperity Plus Credit Card,Yes Bank,Low-Fee Credit Card,https://www.yesbank.in/credit-cards/prosperity-plus,Cashback,1%,1%,0.5%,N/A,1%,"""Cashback"","""Statement Credit""",₹249,Nil,3.5%,N/A,₹500,"""Fraud Protection""",₹20,000 - ₹1 Lakh,Welcome bonus offer,Moderate to High,Excellent,Easy Online Application,Everyday Cashback Users
RBL Regular Credit Card,RBL Bank,Low-Fee Credit Card,https://www.rblbank.com/credit-cards/regular,Cashback,1%,1%,0.5%,N/A,1%,"""Cashback"","""Statement Credit""",₹249,Nil,N/A,N/A,₹500,"""Purchase Protection""",₹20,000 - ₹1 Lakh,Introductory offer,High,Good,Easy Online Application,Low-Fee Card Seekers
Kotak Essentia Credit Card,Kotak Mahindra Bank,Low-Fee Credit Card,https://www.kotak.com/credit-cards/essentia,Cashback,1%,1%,0.5%,N/A,1%,"""Cashback"","""Statement Credit""",₹299,Nil,N/A,N/A,₹500,"""Fraud Protection""",₹25,000 - ₹1 Lakh,Welcome offer,Very High,Excellent,Easy Online Application,Everyday Cashback Users
IndusInd Bank Budget Card,IndusInd Bank,Low-Fee Credit Card,https://www.indusind.com/credit-cards/budget,Cashback,1%,1%,0.5%,N/A,1%,"""Cashback"","""Statement Credit""",₹299,Nil,N/A,N/A,₹500,"""Purchase Protection""",₹25,000 - ₹1 Lakh,Welcome offer,High,Excellent,Easy Online Application,Low-Fee Card Seekers
SBI Card Primacy,SBI Card,Low-Fee Credit Card,https://www.sbicard.com/cards/primacy,Cashback,1%,1%,0.5%,N/A,1%,"""Cashback"","""Statement Credit""",₹249,Nil,N/A,N/A,₹500,"""Fraud Protection""",₹20,000 - ₹1 Lakh,Welcome bonus offer,Very High,Excellent,Easy Online Application,Everyday Cashback Users
HDFC Bank Millennia Credit Card (Variant),HDFC Bank,Low-Fee Credit Card,https://www.hdfcbank.com/personal/credit-cards/millennia,Cashback,1%,1%,0.5%,N/A,1%,"""Cashback"","""Statement Credit""",₹249,Nil,N/A,N/A,₹500,"""Fraud Protection""",₹25,000 - ₹1 Lakh,Special introductory offer,Very High,Excellent,Easy Online Application,Low-Fee Card Seekers
ICICI Emeralde Credit Card (Budget),ICICI Bank,Low-Fee Credit Card,https://www.icicibank.com/credit-cards/emeralde,Cashback,1%,1%,0.5%,N/A,1%,"""Cashback"","""Statement Credit""",₹249,Nil,N/A,N/A,₹500,"""Fraud Protection""",₹20,000 - ₹1 Lakh,Welcome bonus offer,Very High,Excellent,Easy Online Application,Everyday Cashback Users
Standard Chartered Manhattan Select Card,Standard Chartered,Low-Fee Credit Card,https://www.sc.com/in/cards/manhattan-select,Cashback,1%,1%,0.5%,N/A,1%,"""Cashback"","""Statement Credit""",₹299,Nil,3.5%,N/A,₹500,"""Purchase Protection""",₹25,000 - ₹1 Lakh,Introductory offer,Very High,Excellent,Easy Online Application,Low-Fee Card Seekers
Axis Bank Ace Credit Card,Axis Bank,Low-Fee Credit Card,https://www.axisbank.com/credit-cards/ace,Cashback,1%,1%,0.5%,N/A,1%,"""Cashback"","""Statement Credit""",₹249,Nil,3.5%,N/A,₹500,"""Purchase Protection""",₹20,000 - ₹1 Lakh,Welcome offer,Very High,Excellent,Easy Online Application,Everyday Cashback Users
Yes Bank Smart Plus Credit Card,Yes Bank,Low-Fee Credit Card,https://www.yesbank.in/credit-cards/smart-plus,Cashback,1%,1%,0.5%,N/A,1%,"""Cashback"","""Statement Credit""",₹249,Nil,3.5%,N/A,₹500,"""Fraud Protection""",₹20,000 - ₹1 Lakh,Welcome bonus,Moderate to High,Excellent,Easy Online Application,Low-Fee Card Seekers
Kotak 811 Credit Card (Classic),Kotak Mahindra Bank,Low-Fee Credit Card,https://www.kotak.com/811-classic,Cashback,1%,1%,0.5%,N/A,1%,"""Cashback"","""Statement Credit""",₹0 - Lifetime Free,Nil,N/A,N/A,₹500,"""Fraud Protection""",₹20,000 - ₹1 Lakh,Welcome bonus offer,Very High,Excellent,Easy Online Application,Everyday Cashback Users
HDFC Bank Freedom Credit Card,HDFC Bank,Cashback Credit Card,https://www.hdfcbank.com/personal/credit-cards/freedom,Cashback,2%,2%,1%,N/A,1%,"""Cashback"","""Gift Vouchers""",₹499,Nil,3%,2.5% or ₹500,₹750,"""Fuel Surcharge Waiver"","""Dining Discounts""",₹30,000 - ₹1.5 Lakhs,Welcome Bonus of ₹1000 cashback,Moderate to High,Good,Quick Approval,Exclusive low fee offer,Cashback Reward Seekers
-----------------------------------------------------------------------------------------------------------------------------------------------------------------------------------------------------------
(PLEASE NOTE: THE ABOVE 35 ROWS ARE TAILORED FOR THE "RISK-AVERSE SAVERS" SEGMENT.)
-----------------------------------------------------------------------------------------------------------------------------------------------------------------------------------------------------------

[Rows 36 to 68: BUDGET-CONSIOUS SAVERS]
SBI Card SimplySAVE,SBI Card,Cashback Credit Card,https://www.sbicard.com/cards/simplysave,Cashback,2%,2%,1%,N/A,1%,"""Cashback"","""Gift Vouchers""",₹0 - Lifetime Free,Nil,3%,2.5% or ₹500,₹750,"""Fuel Surcharge Waiver"","""Dining Discounts""",₹30,000 - ₹1.5 Lakhs,Welcome Bonus of ₹1000 cashback,Moderate to High,Good,Quick Approval,Exclusive low fee offer,Cashback Reward Seekers
HDFC Freedom Credit Card,HDFC Bank,Cashback Credit Card,https://www.hdfcbank.com/personal/credit-cards/freedom,Cashback,2%,2%,1%,N/A,1%,"""Cashback"","""Gift Vouchers""",₹499,Nil,3%,2.5% or ₹500,₹750,"""Fuel Surcharge Waiver"","""Dining Discounts""",₹30,000 - ₹1.5 Lakhs,Welcome Bonus of ₹1000 cashback,Moderate to High,Good,Quick Approval,Exclusive low fee offer,High Grocery Spenders
ICICI Coral Credit Card,ICICI Bank,Cashback Credit Card,https://www.icicibank.com/credit-cards/coral,Cashback,2%,2%,1%,N/A,1%,"""Cashback"","""Gift Vouchers""",₹499,Nil,3%,2.5% or ₹500,₹750,"""Fuel Surcharge Waiver"","""Dining Discounts""",₹30,000 - ₹1.5 Lakhs,Welcome Bonus of ₹1000 cashback,Moderate to High,Good,Quick Approval,Exclusive low fee offer,Fuel & Grocery Maximizers
Axis Insta Easy Credit Card,Axis Bank,Cashback Credit Card,https://www.axisbank.com/credit-cards/instaeasy,Cashback,2%,2%,1%,N/A,1%,"""Cashback"","""Gift Vouchers""",₹499,Nil,3%,2.5% or ₹500,₹750,"""Fuel Surcharge Waiver"","""Dining Discounts""",₹30,000 - ₹1.5 Lakhs,Instant approval offer,Moderate to High,Good,Quick Approval,Exclusive low fee offer,Cashback Reward Seekers
Standard Chartered Platinum Cashback Card,Standard Chartered,Cashback Credit Card,https://www.sc.com/in/cards/platinum-cashback,Cashback,2%,2%,1%,N/A,1%,"""Cashback"","""Gift Vouchers""",₹499,Nil,3%,2.5% or ₹500,₹750,"""Fuel Surcharge Waiver"","""Dining Discounts""",₹30,000 - ₹1.5 Lakhs,Welcome bonus offer,Moderate to High,Good,Quick Approval,Exclusive low fee offer,Value-Focused Shoppers
Axis Ace Credit Card,Axis Bank,Cashback Credit Card,https://www.axisbank.com/credit-cards/ace,Cashback,2%,2%,1%,N/A,1%,"""Cashback"","""Gift Vouchers""",₹499,Nil,3%,2.5% or ₹500,₹750,"""Fuel Surcharge Waiver"","""Dining Discounts""",₹30,000 - ₹1.5 Lakhs,Welcome bonus offer,Moderate to High,Good,Quick Approval,Exclusive low fee offer,High Grocery Spenders
Yes Bank Smart Credit Card,Yes Bank,Cashback Credit Card,https://www.yesbank.in/credit-cards/smart,Cashback,2%,2%,1%,N/A,1%,"""Cashback"","""Gift Vouchers""",₹499,Nil,3%,2.5% or ₹500,₹750,"""Fuel Surcharge Waiver"","""Dining Discounts""",₹30,000 - ₹1.5 Lakhs,Welcome bonus offer,Moderate to High,Good,Quick Approval,Exclusive low fee offer,Cashback Reward Seekers
RBL Ruby Credit Card,RBL Bank,Cashback Credit Card,https://www.rblbank.com/credit-cards/ruby,Cashback,2%,2%,1%,N/A,1%,"""Cashback"","""Gift Vouchers""",₹499,Nil,3%,2.5% or ₹500,₹750,"""Fuel Surcharge Waiver"","""Dining Discounts""",₹30,000 - ₹1.5 Lakhs,Welcome bonus offer,Moderate to High,Good,Quick Approval,Exclusive low fee offer,Fuel & Grocery Maximizers
Kotak 811 Credit Card,Kotak Mahindra Bank,Cashback Credit Card,https://www.kotak.com/811,Cashback,2%,2%,1%,N/A,1%,"""Cashback"","""Gift Vouchers""",₹0 - Lifetime Free,Nil,3%,2.5% or ₹500,₹750,"""Fuel Surcharge Waiver"","""Dining Discounts""",₹30,000 - ₹1.5 Lakhs,Welcome bonus offer,Moderate to High,Good,Quick Approval,Exclusive low fee offer,Value-Focused Shoppers
SBI Card SimplyCLICK,SBI Card,Cashback Credit Card,https://www.sbicard.com/cards/simplyclick,Cashback,2%,2%,1%,N/A,1%,"""Cashback"","""Gift Vouchers""",₹0 - Lifetime Free,Nil,3%,2.5% or ₹500,₹750,"""Fuel Surcharge Waiver"","""Dining Discounts""",₹30,000 - ₹1.5 Lakhs,Welcome bonus offer,Moderate to High,Good,Quick Approval,Exclusive low fee offer,High Grocery Spenders
HDFC MoneyBack Credit Card,HDFC Bank,Cashback Credit Card,https://www.hdfcbank.com/personal/credit-cards/moneyback,Cashback,2%,2%,1%,N/A,1%,"""Cashback"","""Gift Vouchers""",₹499,Nil,3%,2.5% or ₹500,₹750,"""Fuel Surcharge Waiver"","""Dining Discounts""",₹30,000 - ₹1.5 Lakhs,Welcome bonus offer,Moderate to High,Good,Quick Approval,Exclusive low fee offer,Cashback Reward Seekers
ICICI Platinum Chip Card – Visa Classic,ICICI Bank,Cashback Credit Card,https://www.icicibank.com/credit-cards/platinum-classic,Cashback,2%,2%,1%,N/A,1%,"""Cashback"","""Gift Vouchers""",₹0 - Lifetime Free,Nil,3%,2.5% or ₹500,₹750,"""Fuel Surcharge Waiver"","""Dining Discounts""",₹30,000 - ₹1.5 Lakhs,Welcome bonus offer,Moderate to High,Good,Quick Approval,Exclusive low fee offer,Value-Focused Shoppers
Standard Chartered Manhattan Platinum Credit Card,Standard Chartered,Cashback Credit Card,https://www.sc.com/in/cards/manhattan-platinum,Cashback,2%,2%,1%,N/A,1%,"""Cashback"","""Gift Vouchers""",₹499,Nil,3%,2.5% or ₹500,₹750,"""Fuel Surcharge Waiver"","""Dining Discounts""",₹30,000 - ₹1.5 Lakhs,Welcome bonus offer,Moderate to High,Good,Quick Approval,Exclusive low fee offer,Cashback Reward Seekers
Axis Ace Credit Card,Axis Bank,Cashback Credit Card,https://www.axisbank.com/credit-cards/ace,Cashback,2%,2%,1%,N/A,1%,"""Cashback"","""Gift Vouchers""",₹499,Nil,3%,2.5% or ₹500,₹750,"""Fuel Surcharge Waiver"","""Dining Discounts""",₹30,000 - ₹1.5 Lakhs,Welcome bonus offer,Moderate to High,Good,Quick Approval,Exclusive low fee offer,High Grocery Spenders
Yes Bank Prosperity Card,Yes Bank,Cashback Credit Card,https://www.yesbank.in/credit-cards/prosperity,Cashback,2%,2%,1%,N/A,1%,"""Cashback"","""Gift Vouchers""",₹499,Nil,3%,2.5% or ₹500,₹750,"""Fuel Surcharge Waiver"","""Dining Discounts""",₹30,000 - ₹1.5 Lakhs,Welcome bonus offer,Moderate to High,Good,Quick Approval,Exclusive low fee offer,Cashback Reward Seekers
Kotak Essentia Platinum Credit Card,Kotak Mahindra Bank,Cashback Credit Card,https://www.kotak.com/credit-cards/essentia,Cashback,2%,2%,1%,N/A,1%,"""Cashback"","""Gift Vouchers""",₹499,Nil,3%,2.5% or ₹500,₹750,"""Fuel Surcharge Waiver"","""Dining Discounts""",₹30,000 - ₹1.5 Lakhs,Welcome bonus offer,Moderate to High,Good,Quick Approval,Exclusive low fee offer,High Grocery Spenders
IndusInd Bank Rewards Card,IndusInd Bank,Cashback Credit Card,https://www.indusind.com/credit-cards/rewards,Cashback,2%,2%,1%,N/A,1%,"""Cashback"","""Gift Vouchers""",₹499,Nil,3%,2.5% or ₹500,₹750,"""Fuel Surcharge Waiver"","""Dining Discounts""",₹30,000 - ₹1.5 Lakhs,Welcome bonus offer,Moderate to High,Good,Quick Approval,Exclusive low fee offer,Cashback Reward Seekers
SBI Card Primacy,SBI Card,Cashback Credit Card,https://www.sbicard.com/cards/primacy,Cashback,2%,2%,1%,N/A,1%,"""Cashback"","""Gift Vouchers""",₹499,Nil,3%,2.5% or ₹500,₹750,"""Fuel Surcharge Waiver"","""Dining Discounts""",₹30,000 - ₹1.5 Lakhs,Welcome bonus offer,Moderate to High,Good,Quick Approval,Exclusive low fee offer,High Grocery Spenders
HDFC Bank Millennia Credit Card,HDFC Bank,Cashback Credit Card,https://www.hdfcbank.com/personal/credit-cards/millennia,Cashback,2%,2%,1%,N/A,1%,"""Cashback"","""Gift Vouchers""",₹499,Nil,3%,2.5% or ₹500,₹750,"""Fuel Surcharge Waiver"","""Dining Discounts""",₹30,000 - ₹1.5 Lakhs,Welcome bonus offer,Moderate to High,Good,Quick Approval,Exclusive low fee offer,Value-Focused Shoppers
ICICI Emeralde Credit Card (Budget),ICICI Bank,Cashback Credit Card,https://www.icicibank.com/credit-cards/emeralde,Cashback,2%,2%,1%,N/A,1%,"""Cashback"","""Gift Vouchers""",₹499,Nil,3%,2.5% or ₹500,₹750,"""Fuel Surcharge Waiver"","""Dining Discounts""",₹30,000 - ₹1.5 Lakhs,Welcome bonus offer,Moderate to High,Good,Quick Approval,Exclusive low fee offer,Cashback Reward Seekers
Standard Chartered Manhattan Select Card,Standard Chartered,Cashback Credit Card,https://www.sc.com/in/cards/manhattan-select,Cashback,2%,2%,1%,N/A,1%,"""Cashback"","""Gift Vouchers""",₹499,Nil,3%,2.5% or ₹500,₹750,"""Fuel Surcharge Waiver"","""Dining Discounts""",₹30,000 - ₹1.5 Lakhs,Introductory offer,Moderate to High,Good,Quick Approval,Exclusive low fee offer,Value-Focused Shoppers
Axis Bank Ace Credit Card,Axis Bank,Cashback Credit Card,https://www.axisbank.com/credit-cards/ace,Cashback,2%,2%,1%,N/A,1%,"""Cashback"","""Gift Vouchers""",₹499,Nil,3%,2.5% or ₹500,₹750,"""Fuel Surcharge Waiver"","""Dining Discounts""",₹30,000 - ₹1.5 Lakhs,Welcome offer,Moderate to High,Good,Quick Approval,Exclusive low fee offer,High Grocery Spenders
Yes Bank Smart Plus Credit Card,Yes Bank,Cashback Credit Card,https://www.yesbank.in/credit-cards/smart-plus,Cashback,2%,2%,1%,N/A,1%,"""Cashback"","""Gift Vouchers""",₹499,Nil,3%,2.5% or ₹500,₹750,"""Fuel Surcharge Waiver"","""Dining Discounts""",₹30,000 - ₹1.5 Lakhs,Welcome bonus,Moderate to High,Good,Quick Approval,Exclusive low fee offer,Cashback Reward Seekers
Kotak 811 Classic Credit Card,Kotak Mahindra Bank,Cashback Credit Card,https://www.kotak.com/811-classic,Cashback,2%,2%,1%,N/A,1%,"""Cashback"","""Gift Vouchers""",₹0 - Lifetime Free,Nil,3%,2.5% or ₹500,₹750,"""Fuel Surcharge Waiver"","""Dining Discounts""",₹30,000 - ₹1.5 Lakhs,Welcome bonus offer,Moderate to High,Good,Quick Approval,Exclusive low fee offer,Value-Focused Shoppers
-----------------------------------------------------------------------------------------------------------------------------------------------------------------------------------------------------------
[Rows 69 to 100: PREMIUM/HIGH-INCOME CARDS]
HDFC Regalia Credit Card,HDFC Bank,Premium Credit Card,https://www.hdfcbank.com/personal/credit-cards/regalia,Rewards Points,N/A,"4x Points",N/A,"5x Points","1 Point per ₹100","""Travel Miles"","""Luxury Rewards"","""Statement Credit""",₹1999,₹1000,3.5%,"2.5% or ₹500",₹1000,"""Airport Lounge Access"","""Travel Insurance"","""Concierge Services""",₹1 Lakh - ₹10 Lakhs,Welcome Bonus of 5000 points,Very High,Excellent,Personalized Application Process,Metal card,Frequent Travelers
HDFC Infinia Credit Card,HDFC Bank,Premium Credit Card,https://www.hdfcbank.com/personal/credit-cards/infinia,Rewards Points,N/A,"4x Points",N/A,"5x Points","1 Point per ₹100","""Travel Miles"","""Luxury Rewards"","""Statement Credit""",₹1999,₹1000,3.5%,"2.5% or ₹500",₹1000,"""Airport Lounge Access"","""Travel Insurance"","""Concierge Services""",₹1 Lakh - ₹10 Lakhs,Welcome Bonus of 5000 points,Very High,Excellent,Personalized Application Process,Metal card,Frequent Travelers
SBI Card Elite,SBI Card,Premium Credit Card,https://www.sbicard.com/cards/elite,Credit Points,N/A,"4x Points",N/A,"5x Points","1 Point per ₹100","""Travel Miles"","""Luxury Rewards"","""Statement Credit""",₹1999,₹1000,3.5%,"2.5% or ₹500",₹1000,"""Airport Lounge Access"","""Travel Insurance"","""Concierge Services""",₹1 Lakh - ₹10 Lakhs,Welcome Bonus of 5000 points,Very High,Excellent,Personalized Application Process,Exclusive privileges,Frequent Travelers
ICICI Sapphiro Credit Card,ICICI Bank,Premium Credit Card,https://www.icicibank.com/credit-cards/sapphiro,Rewards Points,N/A,"4x Points",N/A,"5x Points","1 Point per ₹100","""Travel Miles"","""Luxury Rewards"","""Statement Credit""",₹1999,₹1000,3.5%,"2.5% or ₹500",₹1000,"""Airport Lounge Access"","""Travel Insurance"","""Concierge Services""",₹1 Lakh - ₹10 Lakhs,Welcome Bonus of 5000 points,Very High,Excellent,Personalized Application Process,Premium metal card,Frequent Travelers
Axis Vistara Signature Credit Card,Axis Bank,Travel Credit Card,https://www.axisbank.com/credit-cards/vistara-signature, Miles,N/A,"4x Points",N/A,"5x Points","1 Point per ₹100","""Travel Miles"","""Statement Credit""",₹1999,₹1000,3.5%,"2.5% or ₹500",₹1000,"""Airport Lounge Access"","""Priority Check-in"","""Travel Insurance""",₹1 Lakh - ₹10 Lakhs,Welcome Bonus of 5000 miles,Very High,Excellent,Personalized Application Process,Exclusive travel benefits,Frequent Travelers
Kotak Royale Signature Credit Card,Kotak Mahindra Bank,Premium Credit Card,https://www.kotak.com/royale-signature,Rewards Points,N/A,"4x Points",N/A,"5x Points","1 Point per ₹100","""Travel Miles"","""Luxury Rewards"","""Statement Credit""",₹1999,₹1000,3.5%,"2.5% or ₹500",₹1000,"""Airport Lounge Access"","""Concierge Services"","""Travel Insurance""",₹1 Lakh - ₹10 Lakhs,Welcome Bonus of 5000 points,Very High,Excellent,Personalized Application Process,Metal card,Luxury Lifestyle Spenders
IndusInd Legend Credit Card,IndusInd Bank,Premium Credit Card,https://www.indusind.com/credit-cards/legend,Rewards Points,N/A,"4x Points",N/A,"5x Points","1 Point per ₹100","""Travel Miles"","""Luxury Rewards"","""Statement Credit""",₹1999,₹1000,3.5%,"2.5% or ₹500",₹1000,"""Airport Lounge Access"","""Concierge Services"","""Travel Insurance""",₹1 Lakh - ₹10 Lakhs,Welcome Bonus of 5000 points,High,Excellent,Personalized Application Process,Exclusive privileges,Frequent Travelers
Standard Chartered Ultimate Credit Card,Standard Chartered,Premium Credit Card,https://www.sc.com/in/cards/ultimate,Rewards Points,N/A,"4x Points",N/A,"5x Points","1 Point per ₹100","""Travel Miles"","""Luxury Rewards"","""Statement Credit""",₹1999,₹1000,3.5%,"2.5% or ₹500",₹1000,"""Airport Lounge Access"","""Concierge Services"","""Travel Insurance""",₹1 Lakh - ₹10 Lakhs,Welcome Bonus of 5000 points,Very High,Excellent,Personalized Application Process,Exclusive privileges,Frequent Travelers
American Express Platinum Card,American Express India,Premium Credit Card,https://www.americanexpress.com/in/credit-cards/platinum,Rewards Points,N/A,"4x Points",N/A,"5x Points","1 Point per ₹100","""Travel Miles"","""Luxury Rewards"","""Statement Credit""",₹1999,₹1000,3.5%,"2.5% or ₹500",₹1000,"""Airport Lounge Access"","""Concierge Services"","""Travel Insurance""",₹1 Lakh - ₹10 Lakhs,Welcome Bonus of 5000 points,Very High,Excellent,Personalized Application Process,Exclusive privileges,Luxury Lifestyle Spenders
RBL Titanium Credit Card,RBL Bank,Premium Credit Card,https://www.rblbank.com/credit-cards/titanium,Rewards Points,N/A,"4x Points",N/A,"5x Points","1 Point per ₹100","""Travel Miles"","""Luxury Rewards"","""Statement Credit""",₹1999,₹1000,3.5%,"2.5% or ₹500",₹1000,"""Airport Lounge Access"","""Concierge Services""",₹1 Lakh - ₹10 Lakhs,Welcome Bonus of 5000 points,High,Excellent,Personalized Application Process,Exclusive privileges,High Dining & Entertainment Expenses
Yes Bank First Exclusive Credit Card,Yes Bank,Premium Credit Card,https://www.yesbank.in/credit-cards/first-exclusive,Rewards Points,N/A,"4x Points",N/A,"5x Points","1 Point per ₹100","""Travel Miles"","""Luxury Rewards"","""Statement Credit""",₹1999,₹1000,3.5%,"2.5% or ₹500",₹1000,"""Airport Lounge Access"","""Concierge Services"","""Travel Insurance""",₹1 Lakh - ₹10 Lakhs,Welcome Bonus of 5000 points,High,Excellent,Personalized Application Process,Exclusive privileges,Frequent Travelers
SBI Card PRIME,SBI Card,Premium Credit Card,https://www.sbicard.com/cards/prime,Rewards Points,N/A,"4x Points",N/A,"5x Points","1 Point per ₹100","""Travel Miles"","""Luxury Rewards"","""Statement Credit""",₹1999,₹1000,3.5%,"2.5% or ₹500",₹1000,"""Airport Lounge Access"","""Travel Insurance"","""Concierge Services""",₹1 Lakh - ₹10 Lakhs,Welcome Bonus of 5000 points,Very High,Excellent,Personalized Application Process,Exclusive privileges,Frequent Travelers
HDFC Diners Club Black,HDFC Bank,Premium Credit Card,https://www.hdfcbank.com/personal/credit-cards/diners-club-black,Rewards Points,N/A,"4x Points",N/A,"5x Points","1 Point per ₹100","""Travel Miles"","""Luxury Rewards"","""Statement Credit""",₹1999,₹1000,3.5%,"2.5% or ₹500",₹1000,"""Airport Lounge Access"","""Concierge Services"","""Travel Insurance""",₹1 Lakh - ₹10 Lakhs,Welcome Bonus of 5000 points,Very High,Excellent,Personalized Application Process,Exclusive privileges,Luxury Lifestyle Spenders
ICICI Signature Credit Card,ICICI Bank,Premium Credit Card,https://www.icicibank.com/credit-cards/signature,Rewards Points,N/A,"4x Points",N/A,"5x Points","1 Point per ₹100","""Travel Miles"","""Luxury Rewards"","""Statement Credit""",₹1999,₹1000,3.5%,"2.5% or ₹500",₹1000,"""Airport Lounge Access"","""Travel Insurance"","""Concierge Services""",₹1 Lakh - ₹10 Lakhs,Welcome Bonus of 5000 points,Very High,Excellent,Personalized Application Process,Exclusive privileges,Frequent Travelers
Axis Bank Burgundy Credit Card,Axis Bank,Premium Credit Card,https://www.axisbank.com/credit-cards/burgundy,Rewards Points,N/A,"4x Points",N/A,"5x Points","1 Point per ₹100","""Travel Miles"","""Luxury Rewards"","""Statement Credit""",₹1999,₹1000,3.5%,"2.5% or ₹500",₹1000,"""Airport Lounge Access"","""Concierge Services""",₹1 Lakh - ₹10 Lakhs,Welcome Bonus of 5000 points,Very High,Excellent,Personalized Application Process,Exclusive privileges,Luxury Lifestyle Spenders
Kotak Privilege Credit Card,Kotak Mahindra Bank,Premium Credit Card,https://www.kotak.com/credit-cards/privilege,Rewards Points,N/A,"4x Points",N/A,"5x Points","1 Point per ₹100","""Travel Miles"","""Luxury Rewards"","""Statement Credit""",₹1999,₹1000,3.5%,"2.5% or ₹500",₹1000,"""Airport Lounge Access"","""Concierge Services""",₹1 Lakh - ₹10 Lakhs,Welcome Bonus of 5000 points,Very High,Excellent,Personalized Application Process,Exclusive privileges,High Dining & Entertainment Expenses
IndusInd Signature Credit Card,IndusInd Bank,Premium Credit Card,https://www.indusind.com/credit-cards/signature,Rewards Points,N/A,"4x Points",N/A,"5x Points","1 Point per ₹100","""Travel Miles"","""Luxury Rewards"","""Statement Credit""",₹1999,₹1000,3.5%,"2.5% or ₹500",₹1000,"""Airport Lounge Access"","""Concierge Services""",₹1 Lakh - ₹10 Lakhs,Welcome Bonus of 5000 points,High,Excellent,Personalized Application Process,Exclusive privileges,Frequent Travelers
Standard Chartered Visa Infinite Credit Card,Standard Chartered,Premium Credit Card,https://www.sc.com/in/cards/visa-infinite,Rewards Points,N/A,"4x Points",N/A,"5x Points","1 Point per ₹100","""Travel Miles"","""Luxury Rewards"","""Statement Credit""",₹1999,₹1000,3.5%,"2.5% or ₹500",₹1000,"""Airport Lounge Access"","""Concierge Services""",₹1 Lakh - ₹10 Lakhs,Welcome Bonus of 5000 points,Very High,Excellent,Personalized Application Process,Exclusive privileges,Frequent Travelers
American Express Platinum Card,American Express India,Premium Credit Card,https://www.americanexpress.com/in/credit-cards/platinum,Rewards Points,N/A,"4x Points",N/A,"5x Points","1 Point per ₹100","""Travel Miles"","""Luxury Rewards"","""Statement Credit""",₹1999,₹1000,3.5%,"2.5% or ₹500",₹1000,"""Airport Lounge Access"","""Concierge Services"","""Travel Insurance""",₹1 Lakh - ₹10 Lakhs,Welcome Bonus of 5000 points,Very High,Excellent,Personalized Application Process,Metal card,High Dining & Entertainment Expenses
RBL Exclusive Credit Card,RBL Bank,Premium Credit Card,https://www.rblbank.com/credit-cards/exclusive,Rewards Points,N/A,"4x Points",N/A,"5x Points","1 Point per ₹100","""Travel Miles"","""Luxury Rewards"","""Statement Credit""",₹1999,₹1000,3.5%,"2.5% or ₹500",₹1000,"""Airport Lounge Access"","""Concierge Services""",₹1 Lakh - ₹10 Lakhs,Welcome Bonus of 5000 points,High,Excellent,Personalized Application Process,Exclusive privileges,Premium Rewards Enthusiasts
Yes Bank Prestige Credit Card,Yes Bank,Premium Credit Card,https://www.yesbank.in/credit-cards/prestige,Rewards Points,N/A,"4x Points",N/A,"5x Points","1 Point per ₹100","""Travel Miles"","""Luxury Rewards"","""Statement Credit""",₹1999,₹1000,3.5%,"2.5% or ₹500",₹1000,"""Airport Lounge Access"","""Concierge Services""",₹1 Lakh - ₹10 Lakhs,Welcome Bonus of 5000 points,High,Excellent,Personalized Application Process,Exclusive privileges,Frequent Travelers
Kotak Royale Signature Credit Card,Kotak Mahindra Bank,Premium Credit Card,https://www.kotak.com/credit-cards/royale-signature,Rewards Points,N/A,"4x Points",N/A,"5x Points","1 Point per ₹100","""Travel Miles"","""Luxury Rewards"","""Statement Credit""",₹1999,₹1000,3.5%,"2.5% or ₹500",₹1000,"""Airport Lounge Access"","""Concierge Services""",₹1 Lakh - ₹10 Lakhs,Welcome Bonus of 5000 points,Very High,Excellent,Personalized Application Process,Metal card,Luxury Lifestyle Spenders
IndusInd Pinnacle Credit Card,IndusInd Bank,Premium Credit Card,https://www.indusind.com/credit-cards/pinnacle,Rewards Points,N/A,"4x Points",N/A,"5x Points","1 Point per ₹100","""Travel Miles"","""Luxury Rewards"","""Statement Credit""",₹1999,₹1000,3.5%,"2.5% or ₹500",₹1000,"""Airport Lounge Access"","""Concierge Services""",₹1 Lakh - ₹10 Lakhs,Welcome Bonus of 5000 points,High,Excellent,Personalized Application Process,Exclusive privileges,Frequent Travelers
Standard Chartered Infinite Credit Card,Standard Chartered,Premium Credit Card,https://www.sc.com/in/cards/infinite,Rewards Points,N/A,"4x Points",N/A,"5x Points","1 Point per ₹100","""Travel Miles"","""Luxury Rewards"","""Statement Credit""",₹1999,₹1000,3.5%,"2.5% or ₹500",₹1000,"""Airport Lounge Access"","""Concierge Services""",₹1 Lakh - ₹10 Lakhs,Welcome Bonus of 5000 points,Very High,Excellent,Personalized Application Process,Exclusive privileges,Premium Rewards Enthusiasts
American Express Gold Card,American Express India,Premium Credit Card,https://www.americanexpress.com/in/credit-cards/gold,Rewards Points,N/A,"4x Points",N/A,"5x Points","1 Point per ₹100","""Travel Miles"","""Luxury Rewards"","""Statement Credit""",₹1499,₹500,3.5%,"2.5% or ₹500",₹750,"""Travel Insurance"","""Dining Privileges""",₹50,000 - ₹5 Lakhs,Welcome Bonus of 3000 points,Very High,Excellent,Easy Online Application,Premium benefits,High Dining & Entertainment Expenses
RBL Platinum Aura Credit Card,RBL Bank,Premium Credit Card,https://www.rblbank.com/credit-cards/platinum-aura,Rewards Points,N/A,"4x Points",N/A,"5x Points","1 Point per ₹100","""Travel Miles"","""Luxury Rewards"","""Statement Credit""",₹1499,₹500,3.5%,"2.5% or ₹500",₹750,"""Airport Lounge Access"","""Concierge Services""",₹50,000 - ₹5 Lakhs,Welcome Bonus of 3000 points,High,Excellent,Easy Online Application,Premium benefits,Frequent Travelers
Yes Bank Elite Credit Card,Yes Bank,Premium Credit Card,https://www.yesbank.in/credit-cards/elite,Rewards Points,N/A,"4x Points",N/A,"5x Points","1 Point per ₹100","""Travel Miles"","""Luxury Rewards"","""Statement Credit""",₹1499,₹500,3.5%,"2.5% or ₹500",₹750,"""Airport Lounge Access"","""Concierge Services""",₹50,000 - ₹5 Lakhs,Welcome Bonus of 3000 points,High,Excellent,Easy Online Application,Exclusive privileges,Frequent Travelers
Kotak Privilege Signature Credit Card,Kotak Mahindra Bank,Premium Credit Card,https://www.kotak.com/credit-cards/privilege-signature,Rewards Points,N/A,"4x Points",N/A,"5x Points","1 Point per ₹100","""Travel Miles"","""Luxury Rewards"","""Statement Credit""",₹1499,₹500,3.5%,"2.5% or ₹500",₹750,"""Airport Lounge Access"","""Concierge Services""",₹50,000 - ₹5 Lakhs,Welcome Bonus of 3000 points,Very High,Excellent,Easy Online Application,Exclusive privileges,High Dining & Entertainment Expenses
IndusInd Signature Credit Card,IndusInd Bank,Premium Credit Card,https://www.indusind.com/credit-cards/signature,Rewards Points,N/A,"4x Points",N/A,"5x Points","1 Point per ₹100","""Travel Miles"","""Luxury Rewards"","""Statement Credit""",₹1499,₹500,3.5%,"2.5% or ₹500",₹750,"""Airport Lounge Access"","""Concierge Services""",₹50,000 - ₹5 Lakhs,Welcome Bonus of 3000 points,High,Excellent,Easy Online Application,Exclusive privileges,Frequent Travelers
Standard Chartered Visa Infinite Credit Card,Standard Chartered,Premium Credit Card,https://www.sc.com/in/cards/visa-infinite,Rewards Points,N/A,"4x Points",N/A,"5x Points","1 Point per ₹100","""Travel Miles"","""Luxury Rewards"","""Statement Credit""",₹1499,₹500,3.5%,"2.5% or ₹500",₹750,"""Airport Lounge Access"","""Concierge Services""",₹50,000 - ₹5 Lakhs,Welcome Bonus of 3000 points,Very High,Excellent,Personalized Application Process,Exclusive privileges,Frequent Travelers
IDFC First Private Credit Card,IDFC First Bank,Premium Credit Card,https://www.idfcfirstbank.com/credit-cards/private,Rewards Points,N/A,"4x Points",N/A,"5x Points","1 Point per ₹100","""Travel Miles"","""Luxury Rewards"","""Statement Credit""",₹1499,₹500,3.5%,"2.5% or ₹500",₹750,"""Airport Lounge Access"","""Concierge Services""",₹50,000 - ₹5 Lakhs,Welcome Bonus of 3000 points,High,Excellent,Personalized Application Process,Exclusive privileges,Premium Rewards Enthusiasts
Bajaj Finserv Elite Credit Card,Bajaj Finserv,Premium Credit Card,https://www.bajajfinserv.in/credit-cards/elite,Rewards Points,N/A,"4x Points",N/A,"5x Points","1 Point per ₹100","""Travel Miles"","""Luxury Rewards"","""Statement Credit""",₹1499,₹500,3.5%,"2.5% or ₹500",₹750,"""Airport Lounge Access"","""Concierge Services""",₹50,000 - ₹5 Lakhs,Welcome Bonus of 3000 points,High,Excellent,Easy Online Application,Exclusive privileges,Premium Rewards Enthusiasts


American Express Gold Card,American Express,Premium Credit Card,https://www.americanexpress.com/cards/american-express-gold-card,Rewards Points,2%,1.5%,1%,2%,2%,Cashback, Statement Credit,₹1000,₹500,2%,₹500,₹300,Concierge, Lounge Access,₹50,000 - ₹5 Lakh,Welcome bonus of 5,000 points,Very High,Excellent,Easy Online Application,No hidden charges,Premium Users
American Express Platinum Card,American Express,Premium Credit Card,https://www.americanexpress.com/cards/american-express-platinum-card,Rewards Points,2%,1.5%,1%,2%,2%,Cashback, Statement Credit,₹1000,₹500,2%,₹500,₹300,Concierge, Lounge Access,₹50,000 - ₹5 Lakh,Welcome bonus of 5,000 points,Very High,Excellent,Easy Online Application,No hidden charges,Premium Users
American Express Blue Card,American Express,Rewards Credit Card,https://www.americanexpress.com/cards/american-express-blue-card,Rewards Points,1%,1%,0%,1%,1%,Cashback, Statement Credit,₹500,₹0,2%,₹500,₹300,Fraud Protection, Purchase Protection,₹20,000 - ₹1 Lakh,Welcome bonus of ₹500 cashback,Very High,Excellent,Easy Online Application,No hidden charges,Everyday Rewards Users
American Express Everyday Card,American Express,Rewards Credit Card,https://www.americanexpress.com/cards/american-express-everyday-card,Rewards Points,1%,1%,0%,1%,1%,Cashback, Statement Credit,₹500,₹0,2%,₹500,₹300,Fraud Protection, Purchase Protection,₹20,000 - ₹1 Lakh,Welcome bonus of ₹500 cashback,Very High,Excellent,Easy Online Application,No hidden charges,Everyday Rewards Users
American Express Delta SkyMiles Card,American Express,Premium Credit Card,https://www.americanexpress.com/cards/american-express-delta-skymiles-card,Rewards Points,2%,1.5%,1%,2%,2%,Cashback, Statement Credit,₹1000,₹500,2%,₹500,₹300,Concierge, Lounge Access,₹50,000 - ₹5 Lakh,Welcome bonus of 5,000 points,Very High,Excellent,Easy Online Application,No hidden charges,Premium Users
American Express Corporate Card,American Express,Premium Credit Card,https://www.americanexpress.com/cards/american-express-corporate-card,Rewards Points,2%,1.5%,1%,2%,2%,Cashback, Statement Credit,₹1000,₹500,2%,₹500,₹300,Concierge, Lounge Access,₹50,000 - ₹5 Lakh,Welcome bonus of 5,000 points,Very High,Excellent,Easy Online Application,No hidden charges,Premium Users
Citi Rewards Card,Citi,Rewards Credit Card,https://www.citibank.com/cards/citi-rewards-card,Rewards Points,1%,1%,0%,1%,1%,Cashback, Statement Credit,₹500,₹0,2%,₹500,₹300,Fraud Protection, Purchase Protection,₹20,000 - ₹1 Lakh,Welcome bonus of ₹500 cashback,Very High,Excellent,Easy Online Application,No hidden charges,Everyday Rewards Users
Citi Prestige Card,Citi,Premium Credit Card,https://www.citibank.com/cards/citi-prestige-card,Rewards Points,2%,1.5%,1%,2%,2%,Cashback, Statement Credit,₹1000,₹500,2%,₹500,₹300,Concierge, Lounge Access,₹50,000 - ₹5 Lakh,Welcome bonus of 5,000 points,Very High,Excellent,Easy Online Application,No hidden charges,Premium Users
Citi Simplicity Card,Citi,Rewards Credit Card,https://www.citibank.com/cards/citi-simplicity-card,Rewards Points,1%,1%,0%,1%,1%,Cashback, Statement Credit,₹500,₹0,2%,₹500,₹300,Fraud Protection, Purchase Protection,₹20,000 - ₹1 Lakh,Welcome bonus of ₹500 cashback,Very High,Excellent,Easy Online Application,No hidden charges,Everyday Rewards Users
Citi Cashback Card,Citi,Cashback Credit Card,https://www.citibank.com/cards/citi-cashback-card,Cashback,1%,1%,0%,1%,1%,Cashback, Statement Credit,₹500,₹0,2%,₹500,₹300,Fraud Protection, Purchase Protection,₹20,000 - ₹1 Lakh,Welcome bonus of ₹500 cashback,Very High,Excellent,Easy Online Application,No hidden charges,Everyday Rewards Users
Citi Bank Rewards Plus Card,Citi,Premium Credit Card,https://www.citibank.com/cards/citi-bank-rewards-plus-card,Rewards Points,2%,1.5%,1%,2%,2%,Cashback, Statement Credit,₹1000,₹500,2%,₹500,₹300,Concierge, Lounge Access,₹50,000 - ₹5 Lakh,Welcome bonus of 5,000 points,Very High,Excellent,Easy Online Application,No hidden charges,Premium Users
Standard Chartered Platinum Rewards Card,Standard Chartered,Premium Credit Card,https://www.standardchartered.com/cards/standard-chartered-platinum-rewards-card,Rewards Points,2%,1.5%,1%,2%,2%,Cashback, Statement Credit,₹1000,₹500,2%,₹500,₹300,Concierge, Lounge Access,₹50,000 - ₹5 Lakh,Welcome bonus of 5,000 points,Very High,Excellent,Easy Online Application,No hidden charges,Premium Users
Standard Chartered Manhattan Platinum Card,Standard Chartered,Premium Credit Card,https://www.standardchartered.com/cards/standard-chartered-manhattan-platinum-card,Rewards Points,2%,1.5%,1%,2%,2%,Cashback, Statement Credit,₹1000,₹500,2%,₹500,₹300,Concierge, Lounge Access,₹50,000 - ₹5 Lakh,Welcome bonus of 5,000 points,Very High,Excellent,Easy Online Application,No hidden charges,Premium Users
Standard Chartered Rewardz Card,Standard Chartered,Rewards Credit Card,https://www.standardchartered.com/cards/standard-chartered-rewardz-card,Rewards Points,1%,1%,0%,1%,1%,Cashback, Statement Credit,₹500,₹0,2%,₹500,₹300,Fraud Protection, Purchase Protection,₹20,000 - ₹1 Lakh,Welcome bonus of ₹500 cashback,Very High,Excellent,Easy Online Application,No hidden charges,Everyday Rewards Users
Standard Chartered Infinite Card,Standard Chartered,Premium Credit Card,https://www.standardchartered.com/cards/standard-chartered-infinite-card,Rewards Points,2%,1.5%,1%,2%,2%,Cashback, Statement Credit,₹1000,₹500,2%,₹500,₹300,Concierge, Lounge Access,₹50,000 - ₹5 Lakh,Welcome bonus of 5,000 points,Very High,Excellent,Easy Online Application,No hidden charges,Premium Users
Standard Chartered Visa Signature Card,Standard Chartered,Premium Credit Card,https://www.standardchartered.com/cards/standard-chartered-visa-signature-card,Rewards Points,2%,1.5%,1%,2%,2%,Cashback, Statement Credit,₹1000,₹500,2%,₹500,₹300,Concierge, Lounge Access,₹50,000 - ₹5 Lakh,Welcome bonus of 5,000 points,Very High,Excellent,Easy Online Application,No hidden charges,Premium Users
Standard Chartered Cashback Credit Card,Standard Chartered,Cashback Credit Card,https://www.standardchartered.com/cards/standard-chartered-cashback-credit-card,Cashback,1%,1%,0%,1%,1%,Cashback, Statement Credit,₹500,₹0,2%,₹500,₹300,Fraud Protection, Purchase Protection,₹20,000 - ₹1 Lakh,Welcome bonus of ₹500 cashback,Very High,Excellent,Easy Online Application,No hidden charges,Everyday Rewards Users
IndusInd Bank Platinum Chip Card,IndusInd Bank,Premium Credit Card,https://www.indusind.com/cards/indusind-bank-platinum-chip-card,Rewards Points,2%,1.5%,1%,2%,2%,Cashback, Statement Credit,₹1000,₹500,2%,₹500,₹300,Concierge, Lounge Access,₹50,000 - ₹5 Lakh,Welcome bonus of 5,000 points,Very High,Excellent,Easy Online Application,No hidden charges,Premium Users
IndusInd Bank Signature Card,IndusInd Bank,Premium Credit Card,https://www.indusind.com/cards/indusind-bank-signature-card,Rewards Points,2%,1.5%,1%,2%,2%,Cashback, Statement Credit,₹1000,₹500,2%,₹500,₹300,Concierge, Lounge Access,₹50,000 - ₹5 Lakh,Welcome bonus of 5,000 points,Very High,Excellent,Easy Online Application,No hidden charges,Premium Users
IndusInd Bank Vista Credit Card,IndusInd Bank,Rewards Credit Card,https://www.indusind.com/cards/indusind-bank-vista-credit-card,Rewards Points,1%,1%,0%,1%,1%,Cashback, Statement Credit,₹500,₹0,2%,₹500,₹300,Fraud Protection, Purchase Protection,₹20,000 - ₹1 Lakh,Welcome bonus of ₹500 cashback,Very High,Excellent,Easy Online Application,No hidden charges,Everyday Rewards Users
IndusInd Bank Vogue Credit Card,IndusInd Bank,Rewards Credit Card,https://www.indusind.com/cards/indusind-bank-vogue-credit-card,Rewards Points,1%,1%,0%,1%,1%,Cashback, Statement Credit,₹500,₹0,2%,₹500,₹300,Fraud Protection, Purchase Protection,₹20,000 - ₹1 Lakh,Welcome bonus of ₹500 cashback,Very High,Excellent,Easy Online Application,No hidden charges,Everyday Rewards Users
IndusInd Bank Elite Credit Card,IndusInd Bank,Premium Credit Card,https://www.indusind.com/cards/indusind-bank-elite-credit-card,Rewards Points,2%,1.5%,1%,2%,2%,Cashback, Statement Credit,₹1000,₹500,2%,₹500,₹300,Concierge, Lounge Access,₹50,000 - ₹5 Lakh,Welcome bonus of 5,000 points,Very High,Excellent,Easy Online Application,No hidden charges,Premium Users
IndusInd Bank Platinum Plus Card,IndusInd Bank,Premium Credit Card,https://www.indusind.com/cards/indusind-bank-platinum-plus-card,Rewards Points,2%,1.5%,1%,2%,2%,Cashback, Statement Credit,₹1000,₹500,2%,₹500,₹300,Concierge, Lounge Access,₹50,000 - ₹5 Lakh,Welcome bonus of 5,000 points,Very High,Excellent,Easy Online Application,No hidden charges,Premium Users
Yes Bank Cashback Card,Yes Bank,Cashback Credit Card,https://www.yesbank.in/cards/yes-bank-cashback-card,Cashback,1%,1%,0%,1%,1%,Cashback, Statement Credit,₹500,₹0,2%,₹500,₹300,Fraud Protection, Purchase Protection,₹20,000 - ₹1 Lakh,Welcome bonus of ₹500 cashback,Very High,Excellent,Easy Online Application,No hidden charges,Everyday Rewards Users
Yes Bank Premium Credit Card,Yes Bank,Premium Credit Card,https://www.yesbank.in/cards/yes-bank-premium-credit-card,Rewards Points,2%,1.5%,1%,2%,2%,Cashback, Statement Credit,₹1000,₹500,2%,₹500,₹300,Concierge, Lounge Access,₹50,000 - ₹5 Lakh,Welcome bonus of 5,000 points,Very High,Excellent,Easy Online Application,No hidden charges,Premium Users
Yes Bank EMI Platinum Credit Card,Yes Bank,Premium Credit Card,https://www.yesbank.in/cards/yes-bank-emi-platinum-credit-card,Rewards Points,2%,1.5%,1%,2%,2%,Cashback, Statement Credit,₹1000,₹500,2%,₹500,₹300,Concierge, Lounge Access,₹50,000 - ₹5 Lakh,Welcome bonus of 5,000 points,Very High,Excellent,Easy Online Application,No hidden charges,Premium Users
Yes Bank Rewards Plus Card,Yes Bank,Premium Credit Card,https://www.yesbank.in/cards/yes-bank-rewards-plus-card,Rewards Points,2%,1.5%,1%,2%,2%,Cashback, Statement Credit,₹1000,₹500,2%,₹500,₹300,Concierge, Lounge Access,₹50,000 - ₹5 Lakh,Welcome bonus of 5,000 points,Very High,Excellent,Easy Online Application,No hidden charges,Premium Users
RBL Bank Titanium Card,RBL Bank,Premium Credit Card,https://www.rblbank.com/cards/rbl-bank-titanium-card,Rewards Points,2%,1.5%,1%,2%,2%,Cashback, Statement Credit,₹1000,₹500,2%,₹500,₹300,Concierge, Lounge Access,₹50,000 - ₹5 Lakh,Welcome bonus of 5,000 points,Very High,Excellent,Easy Online Application,No hidden charges,Premium Users
RBL Bank Platinum Card,RBL Bank,Premium Credit Card,https://www.rblbank.com/cards/rbl-bank-platinum-card,Rewards Points,2%,1.5%,1%,2%,2%,Cashback, Statement Credit,₹1000,₹500,2%,₹500,₹300,Concierge, Lounge Access,₹50,000 - ₹5 Lakh,Welcome bonus of 5,000 points,Very High,Excellent,Easy Online Application,No hidden charges,Premium Users
RBL Bank Signature Credit Card,RBL Bank,Premium Credit Card,https://www.rblbank.com/cards/rbl-bank-signature-credit-card,Rewards Points,2%,1.5%,1%,2%,2%,Cashback, Statement Credit,₹1000,₹500,2%,₹500,₹300,Concierge, Lounge Access,₹50,000 - ₹5 Lakh,Welcome bonus of 5,000 points,Very High,Excellent,Easy Online Application,No hidden charges,Premium Users
RBL Bank Income Advantage Card,RBL Bank,Rewards Credit Card,https://www.rblbank.com/cards/rbl-bank-income-advantage-card,Rewards Points,1%,1%,0%,1%,1%,Cashback, Statement Credit,₹500,₹0,2%,₹500,₹300,Fraud Protection, Purchase Protection,₹20,000 - ₹1 Lakh,Welcome bonus of ₹500 cashback,Very High,Excellent,Easy Online Application,No hidden charges,Everyday Rewards Users
RBL Bank Flexi Card,RBL Bank,Rewards Credit Card,https://www.rblbank.com/cards/rbl-bank-flexi-card,Rewards Points,1%,1%,0%,1%,1%,Cashback, Statement Credit,₹500,₹0,2%,₹500,₹300,Fraud Protection, Purchase Protection,₹20,000 - ₹1 Lakh,Welcome bonus of ₹500 cashback,Very High,Excellent,Easy Online Application,No hidden charges,Everyday Rewards Users
RBL Bank Ultra Credit Card,RBL Bank,Premium Credit Card,https://www.rblbank.com/cards/rbl-bank-ultra-credit-card,Rewards Points,2%,1.5%,1%,2%,2%,Cashback, Statement Credit,₹1000,₹500,2%,₹500,₹300,Concierge, Lounge Access,₹50,000 - ₹5 Lakh,Welcome bonus of 5,000 points,Very High,Excellent,Easy Online Application,No hidden charges,Premium Users
RBL Bank Platinum Rewards Card,RBL Bank,Premium Credit Card,https://www.rblbank.com/cards/rbl-bank-platinum-rewards-card,Rewards Points,2%,1.5%,1%,2%,2%,Cashback, Statement Credit,₹1000,₹500,2%,₹500,₹300,Concierge, Lounge Access,₹50,000 - ₹5 Lakh,Welcome bonus of 5,000 points,Very High,Excellent,Easy Online Application,No hidden charges,Premium Users
IDFC FIRST Bank Titanium Credit Card,IDFC FIRST Bank,Premium Credit Card,https://www.idfcfirstbank.com/cards/idfc-first-bank-titanium-credit-card,Rewards Points,2%,1.5%,1%,2%,2%,Cashback, Statement Credit,₹1000,₹500,2%,₹500,₹300,Concierge, Lounge Access,₹50,000 - ₹5 Lakh,Welcome bonus of 5,000 points,Very High,Excellent,Easy Online Application,No hidden charges,Premium Users
IDFC FIRST Bank Signature Credit Card,IDFC FIRST Bank,Premium Credit Card,https://www.idfcfirstbank.com/cards/idfc-first-bank-signature-credit-card,Rewards Points,2%,1.5%,1%,2%,2%,Cashback, Statement Credit,₹1000,₹500,2%,₹500,₹300,Concierge, Lounge Access,₹50,000 - ₹5 Lakh,Welcome bonus of 5,000 points,Very High,Excellent,Easy Online Application,No hidden charges,Premium Users
IDFC FIRST Bank Prime Credit Card,IDFC FIRST Bank,Premium Credit Card,https://www.idfcfirstbank.com/cards/idfc-first-bank-prime-credit-card,Rewards Points,2%,1.5%,1%,2%,2%,Cashback, Statement Credit,₹1000,₹500,2%,₹500,₹300,Concierge, Lounge Access,₹50,000 - ₹5 Lakh,Welcome bonus of 5,000 points,Very High,Excellent,Easy Online Application,No hidden charges,Premium Users
IDFC FIRST Bank Rewards Credit Card,IDFC FIRST Bank,Rewards Credit Card,https://www.idfcfirstbank.com/cards/idfc-first-bank-rewards-credit-card,Rewards Points,1%,1%,0%,1%,1%,Cashback, Statement Credit,₹500,₹0,2%,₹500,₹300,Fraud Protection, Purchase Protection,₹20,000 - ₹1 Lakh,Welcome bonus of ₹500 cashback,Very High,Excellent,Easy Online Application,No hidden charges,Everyday Rewards Users
HSBC Platinum Credit Card,HSBC,Premium Credit Card,https://www.hsbc.co.in/cards/hsbc-platinum-credit-card,Rewards Points,2%,1.5%,1%,2%,2%,Cashback, Statement Credit,₹1000,₹500,2%,₹500,₹300,Concierge, Lounge Access,₹50,000 - ₹5 Lakh,Welcome bonus of 5,000 points,Very High,Excellent,Easy Online Application,No hidden charges,Premium Users
HSBC Premier Credit Card,HSBC,Premium Credit Card,https://www.hsbc.co.in/cards/hsbc-premier-credit-card,Rewards Points,2%,1.5%,1%,2%,2%,Cashback, Statement Credit,₹1000,₹500,2%,₹500,₹300,Concierge, Lounge Access,₹50,000 - ₹5 Lakh,Welcome bonus of 5,000 points,Very High,Excellent,Easy Online Application,No hidden charges,Premium Users
HSBC Cashback Credit Card,HSBC,Cashback Credit Card,https://www.hsbc.co.in/cards/hsbc-cashback-credit-card,Cashback,1%,1%,0%,1%,1%,Cashback, Statement Credit,₹500,₹0,2%,₹500,₹300,Fraud Protection, Purchase Protection,₹20,000 - ₹1 Lakh,Welcome bonus of ₹500 cashback,Very High,Excellent,Easy Online Application,No hidden charges,Everyday Rewards Users
HSBC Signature Credit Card,HSBC,Premium Credit Card,https://www.hsbc.co.in/cards/hsbc-signature-credit-card,Rewards Points,2%,1.5%,1%,2%,2%,Cashback, Statement Credit,₹1000,₹500,2%,₹500,₹300,Concierge, Lounge Access,₹50,000 - ₹5 Lakh,Welcome bonus of 5,000 points,Very High,Excellent,Easy Online Application,No hidden charges,Premium Users
HSBC Gold Credit Card,HSBC,Premium Credit Card,https://www.hsbc.co.in/cards/hsbc-gold-credit-card,Rewards Points,2%,1.5%,1%,2%,2%,Cashback, Statement Credit,₹1000,₹500,2%,₹500,₹300,Concierge, Lounge Access,₹50,000 - ₹5 Lakh,Welcome bonus of 5,000 points,Very High,Excellent,Easy Online Application,No hidden charges,Premium Users
Deutsche Bank Classic Credit Card,Deutsche Bank,Rewards Credit Card,https://www.deutschebank.com/cards/deutsche-bank-classic-credit-card,Rewards Points,1%,1%,0%,1%,1%,Cashback, Statement Credit,₹500,₹0,2%,₹500,₹300,Fraud Protection, Purchase Protection,₹20,000 - ₹1 Lakh,Welcome bonus of ₹500 cashback,Very High,Excellent,Easy Online Application,No hidden charges,Everyday Rewards Users
Deutsche Bank Premium Credit Card,Deutsche Bank,Premium Credit Card,https://www.deutschebank.com/cards/deutsche-bank-premium-credit-card,Rewards Points,2%,1.5%,1%,2%,2%,Cashback, Statement Credit,₹1000,₹500,2%,₹500,₹300,Concierge, Lounge Access,₹50,000 - ₹5 Lakh,Welcome bonus of 5,000 points,Very High,Excellent,Easy Online Application,No hidden charges,Premium Users
City Union Bank Advantage Card,City Union Bank,Rewards Credit Card,https://www.cityunionbank.com/cards/city-union-bank-advantage-card,Rewards Points,1%,1%,0%,1%,1%,Cashback, Statement Credit,₹500,₹0,2%,₹500,₹300,Fraud Protection, Purchase Protection,₹20,000 - ₹1 Lakh,Welcome bonus of ₹500 cashback,Very High,Excellent,Easy Online Application,No hidden charges,Everyday Rewards Users
City Union Bank Select Card,City Union Bank,Rewards Credit Card,https://www.cityunionbank.com/cards/city-union-bank-select-card,Rewards Points,1%,1%,0%,1%,1%,Cashback, Statement Credit,₹500,₹0,2%,₹500,₹300,Fraud Protection, Purchase Protection,₹20,000 - ₹1 Lakh,Welcome bonus of ₹500 cashback,Very High,Excellent,Easy Online Application,No hidden charges,Everyday Rewards Users
City Union Bank Platinum Card,City Union Bank,Premium Credit Card,https://www.cityunionbank.com/cards/city-union-bank-platinum-card,Rewards Points,2%,1.5%,1%,2%,2%,Cashback, Statement Credit,₹1000,₹500,2%,₹500,₹300,Concierge, Lounge Access,₹50,000 - ₹5 Lakh,Welcome bonus of 5,000 points,Very High,Excellent,Easy Online Application,No hidden charges,Premium Users
City Union Bank Advantage Platinum Card,City Union Bank,Premium Credit Card,https://www.cityunionbank.com/cards/city-union-bank-advantage-platinum-card,Rewards Points,2%,1.5%,1%,2%,2%,Cashback, Statement Credit,₹1000,₹500,2%,₹500,₹300,Concierge, Lounge Access,₹50,000 - ₹5 Lakh,Welcome bonus of 5,000 points,Very High,Excellent,Easy Online Application,No hidden charges,Premium Users
DCB Bank Super Saver Card,DCB Bank,Rewards Credit Card,https://www.dcbbank.in/cards/dcb-bank-super-saver-card,Rewards Points,1%,1%,0%,1%,1%,Cashback, Statement Credit,₹500,₹0,2%,₹500,₹300,Fraud Protection, Purchase Protection,₹20,000 - ₹1 Lakh,Welcome bonus of ₹500 cashback,Very High,Excellent,Easy Online Application,No hidden charges,Everyday Rewards Users
DCB Bank Digital Credit Card,DCB Bank,Rewards Credit Card,https://www.dcbbank.in/cards/dcb-bank-digital-credit-card,Rewards Points,1%,1%,0%,1%,1%,Cashback, Statement Credit,₹500,₹0,2%,₹500,₹300,Fraud Protection, Purchase Protection,₹20,000 - ₹1 Lakh,Welcome bonus of ₹500 cashback,Very High,Excellent,Easy Online Application,No hidden charges,Everyday Rewards Users
DCB Bank Elite Credit Card,DCB Bank,Premium Credit Card,https://www.dcbbank.in/cards/dcb-bank-elite-credit-card,Rewards Points,2%,1.5%,1%,2%,2%,Cashback, Statement Credit,₹1000,₹500,2%,₹500,₹300,Concierge, Lounge Access,₹50,000 - ₹5 Lakh,Welcome bonus of 5,000 points,Very High,Excellent,Easy Online Application,No hidden charges,Premium Users
DCB Bank Platinum Rewards Card,DCB Bank,Premium Credit Card,https://www.dcbbank.in/cards/dcb-bank-platinum-rewards-card,Rewards Points,2%,1.5%,1%,2%,2%,Cashback, Statement Credit,₹1000,₹500,2%,₹500,₹300,Concierge, Lounge Access,₹50,000 - ₹5 Lakh,Welcome bonus of 5,000 points,Very High,Excellent,Easy Online Application,No hidden charges,Premium Users
IDBI Bank Credit Card,IDBI Bank,Rewards Credit Card,https://www.idbibank.in/cards/idbi-bank-credit-card,Rewards Points,1%,1%,0%,1%,1%,Cashback, Statement Credit,₹500,₹0,2%,₹500,₹300,Fraud Protection, Purchase Protection,₹20,000 - ₹1 Lakh,Welcome bonus of ₹500 cashback,Very High,Excellent,Easy Online Application,No hidden charges,Everyday Rewards Users
Bandhan Bank Delight Card,Bandhan Bank,Rewards Credit Card,https://www.bandhanbank.com/cards/bandhan-bank-delight-card,Rewards Points,1%,1%,0%,1%,1%,Cashback, Statement Credit,₹500,₹0,2%,₹500,₹300,Fraud Protection, Purchase Protection,₹20,000 - ₹1 Lakh,Welcome bonus of ₹500 cashback,Very High,Excellent,Easy Online Application,No hidden charges,Everyday Rewards Users
Bandhan Bank Premium Credit Card,Bandhan Bank,Premium Credit Card,https://www.bandhanbank.com/cards/bandhan-bank-premium-credit-card,Rewards Points,2%,1.5%,1%,2%,2%,Cashback, Statement Credit,₹1000,₹500,2%,₹500,₹300,Concierge, Lounge Access,₹50,000 - ₹5 Lakh,Welcome bonus of 5,000 points,Very High,Excellent,Easy Online Application,No hidden charges,Premium Users
Fullerton India Cashback Card,Fullerton India,Cashback Credit Card,https://www.fullertonindia.com/cards/fullerton-india-cashback-card,Cashback,1%,1%,0%,1%,1%,Cashback, Statement Credit,₹500,₹0,2%,₹500,₹300,Fraud Protection, Purchase Protection,₹20,000 - ₹1 Lakh,Welcome bonus of ₹500 cashback,Very High,Excellent,Easy Online Application,No hidden charges,Everyday Rewards Users
Fullerton India Rewards Card,Fullerton India,Rewards Credit Card,https://www.fullertonindia.com/cards/fullerton-india-rewards-card,Rewards Points,1%,1%,0%,1%,1%,Cashback, Statement Credit,₹500,₹0,2%,₹500,₹300,Fraud Protection, Purchase Protection,₹20,000 - ₹1 Lakh,Welcome bonus of ₹500 cashback,Very High,Excellent,Easy Online Application,No hidden charges,Everyday Rewards Users
Fullerton India Signature Card,Fullerton India,Premium Credit Card,https://www.fullertonindia.com/cards/fullerton-india-signature-card,Rewards Points,2%,1.5%,1%,2%,2%,Cashback, Statement Credit,₹1000,₹500,2%,₹500,₹300,Concierge, Lounge Access,₹50,000 - ₹5 Lakh,Welcome bonus of 5,000 points,Very High,Excellent,Easy Online Application,No hidden charges,Premium Users
Fullerton India Platinum Card,Fullerton India,Premium Credit Card,https://www.fullertonindia.com/cards/fullerton-india-platinum-card,Rewards Points,2%,1.5%,1%,2%,2%,Cashback, Statement Credit,₹1000,₹500,2%,₹500,₹300,Concierge, Lounge Access,₹50,000 - ₹5 Lakh,Welcome bonus of 5,000 points,Very High,Excellent,Easy Online Application,No hidden charges,Premium Users
Fullerton India Ultra Rewards Card,Fullerton India,Premium Credit Card,https://www.fullertonindia.com/cards/fullerton-india-ultra-rewards-card,Rewards Points,2%,1.5%,1%,2%,2%,Cashback, Statement Credit,₹1000,₹500,2%,₹500,₹300,Concierge, Lounge Access,₹50,000 - ₹5 Lakh,Welcome bonus of 5,000 points,Very High,Excellent,Easy Online Application,No hidden charges,Premium Users
Federal Bank Neo Credit Card,Federal Bank,Rewards Credit Card,https://www.federalbank.in/cards/federal-bank-neo-credit-card,Rewards Points,1%,1%,0%,1%,1%,Cashback, Statement Credit,₹500,₹0,2%,₹500,₹300,Fraud Protection, Purchase Protection,₹20,000 - ₹1 Lakh,Welcome bonus of ₹500 cashback,Very High,Excellent,Easy Online Application,No hidden charges,Everyday Rewards Users
Federal Bank Signature Credit Card,Federal Bank,Premium Credit Card,https://www.federalbank.in/cards/federal-bank-signature-credit-card,Rewards Points,2%,1.5%,1%,2%,2%,Cashback, Statement Credit,₹1000,₹500,2%,₹500,₹300,Concierge, Lounge Access,₹50,000 - ₹5 Lakh,Welcome bonus of 5,000 points,Very High,Excellent,Easy Online Application,No hidden charges,Premium Users
Federal Bank Gold Credit Card,Federal Bank,Premium Credit Card,https://www.federalbank.in/cards/federal-bank-gold-credit-card,Rewards Points,2%,1.5%,1%,2%,2%,Cashback, Statement Credit,₹1000,₹500,2%,₹500,₹300,Concierge, Lounge Access,₹50,000 - ₹5 Lakh,Welcome bonus of 5,000 points,Very High,Excellent,Easy Online Application,No hidden charges,Premium Users
Federal Bank Ultra Credit Card,Federal Bank,Premium Credit Card,https://www.federalbank.in/cards/federal-bank-ultra-credit-card,Rewards Points,2%,1.5%,1%,2%,2%,Cashback, Statement Credit,₹1000,₹500,2%,₹500,₹300,Concierge, Lounge Access,₹50,000 - ₹5 Lakh,Welcome bonus of 5,000 points,Very High,Excellent,Easy Online Application,No hidden charges,Premium Users
Karur Vysya Bank Smart Card,Karur Vysya Bank,Rewards Credit Card,https://www.karurvysya.com/cards/karur-vysya-bank-smart-card,Rewards Points,1%,1%,0%,1%,1%,Cashback, Statement Credit,₹500,₹0,2%,₹500,₹300,Fraud Protection, Purchase Protection,₹20,000 - ₹1 Lakh,Welcome bonus of ₹500 cashback,Very High,Excellent,Easy Online Application,No hidden charges,Everyday Rewards Users
Karur Vysya Bank Platinum Credit Card,Karur Vysya Bank,Premium Credit Card,https://www.karurvysya.com/cards/karur-vysya-bank-platinum-credit-card,Rewards Points,2%,1.5%,1%,2%,2%,Cashback, Statement Credit,₹1000,₹500,2%,₹500,₹300,Concierge, Lounge Access,₹50,000 - ₹5 Lakh,Welcome bonus of 5,000 points,Very High,Excellent,Easy Online Application,No hidden charges,Premium Users
South Indian Bank Credit Card,South Indian Bank,Rewards Credit Card,https://www.southindianbank.com/cards/south-indian-bank-credit-card,Rewards Points,1%,1%,0%,1%,1%,Cashback, Statement Credit,₹500,₹0,2%,₹500,₹300,Fraud Protection, Purchase Protection,₹20,000 - ₹1 Lakh,Welcome bonus of ₹500 cashback,Very High,Excellent,Easy Online Application,No hidden charges,Everyday Rewards Users
South Indian Bank Elite Card,South Indian Bank,Premium Credit Card,https://www.southindianbank.com/cards/south-indian-bank-elite-card,Rewards Points,2%,1.5%,1%,2%,2%,Cashback, Statement Credit,₹1000,₹500,2%,₹500,₹300,Concierge, Lounge Access,₹50,000 - ₹5 Lakh,Welcome bonus of 5,000 points,Very High,Excellent,Easy Online Application,No hidden charges,Premium Users
Lakshmi Vilas Bank Signature Credit Card,Lakshmi Vilas Bank,Premium Credit Card,https://www.lakshmivilas.com/cards/lakshmi-vilas-bank-signature-credit-card,Rewards Points,2%,1.5%,1%,2%,2%,Cashback, Statement Credit,₹1000,₹500,2%,₹500,₹300,Concierge, Lounge Access,₹50,000 - ₹5 Lakh,Welcome bonus of 5,000 points,Very High,Excellent,Easy Online Application,No hidden charges,Premium Users
Lakshmi Vilas Bank Premium Card,Lakshmi Vilas Bank,Premium Credit Card,https://www.lakshmivilas.com/cards/lakshmi-vilas-bank-premium-card,Rewards Points,2%,1.5%,1%,2%,2%,Cashback, Statement Credit,₹1000,₹500,2%,₹500,₹300,Concierge, Lounge Access,₹50,000 - ₹5 Lakh,Welcome bonus of 5,000 points,Very High,Excellent,Easy Online Application,No hidden charges,Premium Users
Indiabulls Platinum Card,Indiabulls,Premium Credit Card,https://www.indiabulls.com/cards/indiabulls-platinum-card,Rewards Points,2%,1.5%,1%,2%,2%,Cashback, Statement Credit,₹1000,₹500,2%,₹500,₹300,Concierge, Lounge Access,₹50,000 - ₹5 Lakh,Welcome bonus of 5,000 points,Very High,Excellent,Easy Online Application,No hidden charges,Premium Users
Indiabulls Cashback Card,Indiabulls,Cashback Credit Card,https://www.indiabulls.com/cards/indiabulls-cashback-card,Cashback,1%,1%,0%,1%,1%,Cashback, Statement Credit,₹500,₹0,2%,₹500,₹300,Fraud Protection, Purchase Protection,₹20,000 - ₹1 Lakh,Welcome bonus of ₹500 cashback,Very High,Excellent,Easy Online Application,No hidden charges,Everyday Rewards Users
Indiabulls Signature Credit Card,Indiabulls,Premium Credit Card,https://www.indiabulls.com/cards/indiabulls-signature-credit-card,Rewards Points,2%,1.5%,1%,2%,2%,Cashback, Statement Credit,₹1000,₹500,2%,₹500,₹300,Concierge, Lounge Access,₹50,000 - ₹5 Lakh,Welcome bonus of 5,000 points,Very High,Excellent,Easy Online Application,No hidden charges,Premium Users
Indiabulls Rewards Credit Card,Indiabulls,Rewards Credit Card,https://www.indiabulls.com/cards/indiabulls-rewards-credit-card,Rewards Points,1%,1%,0%,1%,1%,Cashback, Statement Credit,₹500,₹0,2%,₹500,₹300,Fraud Protection, Purchase Protection,₹20,000 - ₹1 Lakh,Welcome bonus of ₹500 cashback,Very High,Excellent,Easy Online Application,No hidden charges,Everyday Rewards Users
Indiabulls Ultra Platinum Card,Indiabulls,Premium Credit Card,https://www.indiabulls.com/cards/indiabulls-ultra-platinum-card,Rewards Points,2%,1.5%,1%,2%,2%,Cashback, Statement Credit,₹1000,₹500,2%,₹500,₹300,Concierge, Lounge Access,₹50,000 - ₹5 Lakh,Welcome bonus of 5,000 points,Very High,Excellent,Easy Online Application,No hidden charges,Premium Users
Muthoot Finance Gold Card,Muthoot Finance,Premium Credit Card,https://www.muthootfinance.com/cards/muthoot-finance-gold-card,Rewards Points,2%,1.5%,1%,2%,2%,Cashback, Statement Credit,₹1000,₹500,2%,₹500,₹300,Concierge, Lounge Access,₹50,000 - ₹5 Lakh,Welcome bonus of 5,000 points,Very High,Excellent,Easy Online Application,No hidden charges,Premium Users
Muthoot Finance Platinum Card,Muthoot Finance,Premium Credit Card,https://www.muthootfinance.com/cards/muthoot-finance-platinum-card,Rewards Points,2%,1.5%,1%,2%,2%,Cashback, Statement Credit,₹1000,₹500,2%,₹500,₹300,Concierge, Lounge Access,₹50,000 - ₹5 Lakh,Welcome bonus of 5,000 points,Very High,Excellent,Easy Online Application,No hidden charges,Premium Users
Muthoot Finance Diamond Card,Muthoot Finance,Premium Credit Card,https://www.muthootfinance.com/cards/muthoot-finance-diamond-card,Rewards Points,2%,1.5%,1%,2%,2%,Cashback, Statement Credit,₹1000,₹500,2%,₹500,₹300,Concierge, Lounge Access,₹50,000 - ₹5 Lakh,Welcome bonus of 5,000 points,Very High,Excellent,Easy Online Application,No hidden charges,Premium Users
Muthoot Finance Platinum Elite Card,Muthoot Finance,Premium Credit Card,https://www.muthootfinance.com/cards/muthoot-finance-platinum-elite-card,Rewards Points,2%,1.5%,1%,2%,2%,Cashback, Statement Credit,₹1000,₹500,2%,₹500,₹300,Concierge, Lounge Access,₹50,000 - ₹5 Lakh,Welcome bonus of 5,000 points,Very High,Excellent,Easy Online Application,No hidden charges,Premium Users
Mahindra Finance Credit Card,Mahindra Finance,Rewards Credit Card,https://www.mahindrafinance.com/cards/mahindra-finance-credit-card,Rewards Points,1%,1%,0%,1%,1%,Cashback, Statement Credit,₹500,₹0,2%,₹500,₹300,Fraud Protection, Purchase Protection,₹20,000 - ₹1 Lakh,Welcome bonus of ₹500 cashback,Very High,Excellent,Easy Online Application,No hidden charges,Everyday Rewards Users
Mahindra Finance Signature Card,Mahindra Finance,Premium Credit Card,https://www.mahindrafinance.com/cards/mahindra-finance-signature-card,Rewards Points,2%,1.5%,1%,2%,2%,Cashback, Statement Credit,₹1000,₹500,2%,₹500,₹300,Concierge, Lounge Access,₹50,000 - ₹5 Lakh,Welcome bonus of 5,000 points,Very High,Excellent,Easy Online Application,No hidden charges,Premium Users
Mahindra Finance Ultra Credit Card,Mahindra Finance,Premium Credit Card,https://www.mahindrafinance.com/cards/mahindra-finance-ultra-credit-card,Rewards Points,2%,1.5%,1%,2%,2%,Cashback, Statement Credit,₹1000,₹500,2%,₹500,₹300,Concierge, Lounge Access,₹50,000 - ₹5 Lakh,Welcome bonus of 5,000 points,Very High,Excellent,Easy Online Application,No hidden charges,Premium Users
SBI Card Prime,SBI Card,Premium Credit Card,https://www.sbicard.com/cards/sbi-card-prime,Rewards Points,2%,1.5%,1%,2%,2%,Cashback, Statement Credit,₹1000,₹500,2%,₹500,₹300,Concierge, Lounge Access,₹50,000 - ₹5 Lakh,Welcome bonus of 5,000 points,Very High,Excellent,Easy Online Application,No hidden charges,Premium Users
SBI Card Elite,SBI Card,Premium Credit Card,https://www.sbicard.com/cards/sbi-card-elite,Rewards Points,2%,1.5%,1%,2%,2%,Cashback, Statement Credit,₹1000,₹500,2%,₹500,₹300,Concierge, Lounge Access,₹50,000 - ₹5 Lakh,Welcome bonus of 5,000 points,Very High,Excellent,Easy Online Application,No hidden charges,Premium Users
SBI Card Prestige,SBI Card,Premium Credit Card,https://www.sbicard.com/cards/sbi-card-prestige,Rewards Points,2%,1.5%,1%,2%,2%,Cashback, Statement Credit,₹1000,₹500,2%,₹500,₹300,Concierge, Lounge Access,₹50,000 - ₹5 Lakh,Welcome bonus of 5,000 points,Very High,Excellent,Easy Online Application,No hidden charges,Premium Users
SBI Card Platinum Rewards,SBI Card,Premium Credit Card,https://www.sbicard.com/cards/sbi-card-platinum-rewards,Rewards Points,2%,1.5%,1%,2%,2%,Cashback, Statement Credit,₹1000,₹500,2%,₹500,₹300,Concierge, Lounge Access,₹50,000 - ₹5 Lakh,Welcome bonus of 5,000 points,Very High,Excellent,Easy Online Application,No hidden charges,Premium Users
HDFC Regalia Credit Card,HDFC Bank,Premium Credit Card,https://www.hdfcbank.com/cards/hdfc-regalia-credit-card,Rewards Points,2%,1.5%,1%,2%,2%,Cashback, Statement Credit,₹1000,₹500,2%,₹500,₹300,Concierge, Lounge Access,₹50,000 - ₹5 Lakh,Welcome bonus of 5,000 points,Very High,Excellent,Easy Online Application,No hidden charges,Premium Users
HDFC Diners Club International,HDFC Bank,Premium Credit Card,https://www.hdfcbank.com/cards/hdfc-diners-club-international,Rewards Points,2%,1.5%,1%,2%,2%,Cashback, Statement Credit,₹1000,₹500,2%,₹500,₹300,Concierge, Lounge Access,₹50,000 - ₹5 Lakh,Welcome bonus of 5,000 points,Very High,Excellent,Easy Online Application,No hidden charges,Premium Users
HDFC Freedom Credit Card,HDFC Bank,Rewards Credit Card,https://www.hdfcbank.com/cards/hdfc-freedom-credit-card,Rewards Points,1%,1%,0%,1%,1%,Cashback, Statement Credit,₹500,₹0,2%,₹500,₹300,Fraud Protection, Purchase Protection,₹20,000 - ₹1 Lakh,Welcome bonus of ₹500 cashback,Very High,Excellent,Easy Online Application,No hidden charges,Everyday Rewards Users
HDFC Platinum Rewards Card,HDFC Bank,Premium Credit Card,https://www.hdfcbank.com/cards/hdfc-platinum-rewards-card,Rewards Points,2%,1.5%,1%,2%,2%,Cashback, Statement Credit,₹1000,₹500,2%,₹500,₹300,Concierge, Lounge Access,₹50,000 - ₹5 Lakh,Welcome bonus of 5,000 points,Very High,Excellent,Easy Online Application,No hidden charges,Premium Users
ICICI Bank Sapphiro Credit Card,ICICI Bank,Premium Credit Card,https://www.icicibank.com/cards/icici-bank-sapphiro-credit-card,Rewards Points,2%,1.5%,1%,2%,2%,Cashback, Statement Credit,₹1000,₹500,2%,₹500,₹300,Concierge, Lounge Access,₹50,000 - ₹5 Lakh,Welcome bonus of 5,000 points,Very High,Excellent,Easy Online Application,No hidden charges,Premium Users
ICICI Bank Coral Credit Card,ICICI Bank,Rewards Credit Card,https://www.icicibank.com/cards/icici-bank-coral-credit-card,Rewards Points,1%,1%,0%,1%,1%,Cashback, Statement Credit,₹500,₹0,2%,₹500,₹300,Fraud Protection, Purchase Protection,₹20,000 - ₹1 Lakh,Welcome bonus of ₹500 cashback,Very High,Excellent,Easy Online Application,No hidden charges,Everyday Rewards Users
ICICI Bank Ruby Credit Card,ICICI Bank,Premium Credit Card,https://www.icicibank.com/cards/icici-bank-ruby-credit-card,Rewards Points,2%,1.5%,1%,2%,2%,Cashback, Statement Credit,₹1000,₹500,2%,₹500,₹300,Concierge, Lounge Access,₹50,000 - ₹5 Lakh,Welcome bonus of 5,000 points,Very High,Excellent,Easy Online Application,No hidden charges,Premium Users
ICICI Bank Signature Credit Card,ICICI Bank,Premium Credit Card,https://www.icicibank.com/cards/icici-bank-signature-credit-card,Rewards Points,2%,1.5%,1%,2%,2%,Cashback, Statement Credit,₹1000,₹500,2%,₹500,₹300,Concierge, Lounge Access,₹50,000 - ₹5 Lakh,Welcome bonus of 5,000 points,Very High,Excellent,Easy Online Application,No hidden charges,Premium Users
Kotak Mahindra Bank PACE Card,Kotak Mahindra Bank,Rewards Credit Card,https://www.kotak.com/cards/kotak-mahindra-bank-pace-card,Rewards Points,1%,1%,0%,1%,1%,Cashback, Statement Credit,₹500,₹0,2%,₹500,₹300,Fraud Protection, Purchase Protection,₹20,000 - ₹1 Lakh,Welcome bonus of ₹500 cashback,Very High,Excellent,Easy Online Application,No hidden charges,Everyday Rewards Users
Kotak Mahindra Bank Royale Signature Credit Card,Kotak Mahindra Bank,Premium Credit Card,https://www.kotak.com/cards/kotak-mahindra-bank-royale-signature-credit-card,Rewards Points,2%,1.5%,1%,2%,2%,Cashback, Statement Credit,₹1000,₹500,2%,₹500,₹300,Concierge, Lounge Access,₹50,000 - ₹5 Lakh,Welcome bonus of 5,000 points,Very High,Excellent,Easy Online Application,No hidden charges,Premium Users
Kotak Mahindra Bank Classic Credit Card,Kotak Mahindra Bank,Rewards Credit Card,https://www.kotak.com/cards/kotak-mahindra-bank-classic-credit-card,Rewards Points,1%,1%,0%,1%,1%,Cashback, Statement Credit,₹500,₹0,2%,₹500,₹300,Fraud Protection, Purchase Protection,₹20,000 - ₹1 Lakh,Welcome bonus of ₹500 cashback,Very High,Excellent,Easy Online Application,No hidden charges,Everyday Rewards Users
Kotak Mahindra Bank Platinum Signature Card,Kotak Mahindra Bank,Premium Credit Card,https://www.kotak.com/cards/kotak-mahindra-bank-platinum-signature-card,Rewards Points,2%,1.5%,1%,2%,2%,Cashback, Statement Credit,₹1000,₹500,2%,₹500,₹300,Concierge, Lounge Access,₹50,000 - ₹5 Lakh,Welcome bonus of 5,000 points,Very High,Excellent,Easy Online Application,No hidden charges,Premium Users
American Express Gold Travel Card,American Express,Premium Credit Card,https://www.americanexpress.com/cards/american-express-gold-travel-card,Rewards Points,2%,1.5%,1%,2%,2%,Cashback, Statement Credit,₹1000,₹500,2%,₹500,₹300,Concierge, Lounge Access,₹50,000 - ₹5 Lakh,Welcome bonus of 5,000 points,Very High,Excellent,Easy Online Application,No hidden charges,Premium Users
